"page 12","","",""
"EXTRAIT DES NOTES ET ANNEXES IFRS","","","EXTRAIT DES NOTES ET ANNEXES IFRS"
"INFORMATIONS SUR LES CONTRATS DE LOCATION FINANCEMENT","","","Couverture Médicale"
"Les  contrats  de  Leasing  sont  classés  en 
tant  que","juste valeur à la date à laquelle l’option peut être levée. En effet,","La  valeur  actualisée  des  paiements  minimaux  au  titre","La  CMIM,  système  de  couverture  médicale,  est  considérée  comme  un  régime  multi-"
"contrats de location financement. La quasi totalité des","la valeur résiduelle est de 1% du montant de financement pour le","de la location s’élève à la totalité de la juste valeur de","employeurs à prestations définies. En l’absence d’informations suffisantes pour déterminer"
"risques  et  des  avantages  inhérents  à  la  propriété  est 
mobilier et de 10% pour l’immobilier.","","l’actif loué.","la part d’obligation qui revient au Crédit du Maroc, elle est traitée comptablement comme"
"transférée au preneur locataire.","La durée du contrat de location couvre la majeure partie de la vie","Dans 
le  bilan, 
les  actifs  donnés  en 
location  sont","un régime à cotisations définies."
"Le  contrat  de 
location  donne  au  preneur 
l’option 
économique de l’actif loué.","","comptabilisés  comme  des  créances  pour  un  montant",""
"d’acheter  l’actif  à  un  prix  suffisamment  inférieur  à  sa","","égal à l’investissement net dans le contrat de location.","INDEMNITÉS DE FIN CONTRAT DE TRAVAIL"
"","","(En milliers de DH)","Indemnité de départ volontaire"
"Pour le Bailleur","","","• Régie  par  un  protocole  d’accord  au  niveau  du  GPBM,  l’indemnité  de  départ  volontaire"
"Durée résiduelle
Valeur actualisée des paiements minimaux  
Investissement brut total
à recevoir au titre de la location","Produits financiers non acquis","Correction de valeur cumulée des paiements 
minimaux au titre de la location non recouvrables","permet aux salariés, et après accord du Directoire, de faire valoir leur droit à la retraite"
"≤ 1 an
 354 797     
 288 345","66 452","283 838","anticipée selon les critères d’éligibilité suivants :"
"> 1 an ≤ 5 ans
 1 628 164     
 1 438 672","189 492","1 302 531","- à partir de 50 ans révolus pour les femmes"
"> 5 ans
 174 863     
 152 230","22 633","139 890","- à partir de 55 ans révolus pour les hommes"
"TOTAL
 2 157 824     
 1 879 247","278 577","1 726 259","- avoir une ancienneté minimum de 21 ans de service"
"","","","• Le montant de l’indemnité est calculé en fonction du salaire au moment du départ et d’un"
"INFORMATIONS RELATIVES AUX PARTIES LIÉES","","","barème basé sur l’âge du collaborateur."
"","","(En milliers de DH)",""
