"CRÉDIT DU MAROC : UN PREMIER SEMESTRE MARQUÉ PAR LA RÉSILIENCE","",""
"DU PNB ET LES IMPACTS DE LA CRISE SANITAIRE SUR LE COÛT DU RISQUE","",""
"Des résultats semestriels générant un bénéfice net part du groupe de 23,7 MDH.","Cette légère augmentation est tirée par la marge nette d’intérêt qui se situe à","RÉSULTAT BRUT
COÛT DU RISQUE"
"","923,7 millions de dirhams, en augmentation de 1,9% par rapport au premier","D’EXPLOITATION"
"Le Conseil de Surveillance du Crédit du Maroc, présidé par Monsieur Ismail Fassi-Fihri, a examiné lors de sa séance du 28 juillet","","594"
"2020, l’activité et les comptes arrêtés au 30 juin 2020 par le Directoire.","semestre 2019, en lien avec le développement des crédits aux entreprises et à","500
438"
"","l’optimisation du coût de la ressource.",""
"","La  marge  sur  commissions  recule  de  6,7%  et  s’établit  à  208,5  millions  de","-15,8%"
"","dirhams sur une année glissante, sous l’effet d’une activité clients très ralentie","+205,2%"
"UN  ACCOMPAGNEMENT  RAPPROCHÉ  DES 
CLIENTS 
PARTICULIERS 
ET","",""
"ENTREPRISES – CRÉDITS AUX ENTREPRISES +4,6%, CRÉDITS AUX PARTICLIERS","au deuxième trimestre.","143"
"+0,5%, ÉCHÉANCES REPORTÉES SUR L’ENSEMBLE DES MARCHÉS 750 MDH","Pour sa part, le résultat des opérations de marché recule de 0,9% pour atteindre",""
"Les  emplois  clientèle  du  Crédit  du  Maroc  enregistrent  une  hausse  de  3,8%,  à","106,8 millions de dirhams, impacté par les effets de la crise sanitaire.",""
"","De leur côté, les filiales du Groupe Crédit du Maroc affichent un PNB global de","Juin 2019
Juin 2020
Juin 2019
Juin 2020"
"43  856  millions  de  dirhams,  par  rapport  à  fin  juin  2019.  Le  contexte  de  crise","",""
"sanitaire a affecté les crédits aux particuliers dont la production a été sensiblement","104,2 millions de dirhams, en accroissement de 10,2% par rapport au premier","En millions de dirhams
En millions de dirhams"
"plus faible sur le deuxième trimestre 2020. Les efforts des conseillers ont de fait","semestre 2019.  Cette  performance  est  principalement  portée  par  les  filiales",""
"été orientés vers l’accompagnement des clients touchés par la crise, notamment","Crédit du Maroc Leasing et Factoring, Crédit du Maroc Patrimoine et Crédit du","RÉSULTAT NET
RATIO DE SOLVABILITÉ"
"à travers la mise en place des moratoires de crédits. Par ailleurs, cette mesure","Maroc Capital.","PART DU GROUPE"
"a  concerné  plus  de  13  000  clients  particuliers  avec  170  millions  de  dirhams","","14,90%
14,83%"
"","UN  RÉSULTAT  BRUT  D’EXPLOITATION 
INTÉGRANT  LE  DON  AU  FONDS","301"
"d’échéances reportées et un taux d’accord de plus de 99%.","SPÉCIAL  POUR  LA  GESTION  DU  COVID-19  -  RBE  CONSOLIDÉ  -15,8%,  RBE",""
"Les encours de crédits habitat progressent de +1,6% par rapport à juin 2019 et","CONSOLIDÉ HORS DON COVID -1,5%","min 12%
-92,1%"
"affichent une part de marché à 6,63%. Les encours de crédits à la consommation","Le résultat brut d’exploitation se situe à 500,4 millions de dirhams à fin juin",""
"diminuent de -3,5% ce qui impacte leur part de marché à la baisse de 10 points","2020, en baisse de 15,8% par rapport au premier semestre 2019. Il inclut une","24"
"de base sur une année glissante pour s’établir à 7,19%.","hausse  des  charges  générales  d’exploitation  de  16,1%  portée  par  le  don  du","Juin 2019
Juin 2020
Juin 2019
Juin 2020"
"Les crédits aux entreprises voient leurs encours augmenter de 4,6% par rapport","Crédit du Maroc au fonds spécial pour la gestion du Covid-19 de 85 millions de",""
"","","En millions de dirhams
En millions de dirhams"
"à juin 2019, à 20 373 millions de dirhams. Cette évolution est liée à la progression","dirhams. Ainsi, le coefficient d’exploitation atteint 58,3% à fin juin 2020 contre",""
"des  crédits  de  trésorerie  de  14,5%  et  des  crédits-bails  de  4,6%.  Les  crédits  à","50,3% à fin juin 2019.",""
"l’équipement affichent, quant à eux, une quasi-stagnation en lien avec le faible","Hors  don  au  fonds  Covid,  les  charges  générales  d’exploitation  ressortent  en",""
"niveau des investissements des entreprises en période de crise.","hausse maîtrisée de 2,0% et le coefficient d’exploitation à 51,2%.",""
"Il est à noter que le Crédit du Maroc a accordé sur le deuxième trimestre 2020","Sur le volet des investissements, le Crédit du Maroc a engagé sur le premier",""
"près de 620 millions de dirhams de lignes Damane Oxygène.","","Pour sa part, le ratio de liquidité se maintient à"
"","semestre 2020 un montant total de 165 millions de dirhams, concernant pour","un niveau confortable de 175%."
"S’agissant des créances en souffrance, elles intègrent les premiers effets de la","l’essentiel le projet du nouveau siège « Les Arènes ».",""
"crise sanitaire et sont en hausse de 14,2%, principalement portée par les crédits","","L’endettement  du  Crédit  du  Maroc  ressort  à"
"aux particuliers.","UN COÛT DU RISQUE IMPACTÉ PAR LA CRISE SANITAIRE - COÛT DU RISQUE","2  108,1  millions  de  dirhams,  en  progression"
"","205,2%, TAUX DE COUVERTURE 94,6%","de 5,6% par rapport à juin 2019 en lien avec la"
"UNE BONNE DYNAMIQUE SUR LA COLLECTE – RESSOURCES BILAN +4,9%,","Le coût du risque consolidé à fin juin 2020 a triplé par rapport à juin 2019, à 437,9","hausse des emprunts financiers."
"RESSOURCES HORS BILAN +19,5%","millions de dirhams, soit une hausse du taux de coût du risque consolidé sur",""
"Les ressources à la clientèle s’apprécient de 4,9% par rapport à juin 2019, à","","LE CRÉDIT DU MAROC MOBILISÉ POUR"
"","les quatre derniers trimestres de 74 point de base à 1,4%. Cette augmentation","FAIRE FACE À LA CRISE ET POUR AGIR"
"44 010 millions de dirhams. Cette performance est portée essentiellement par","provient, essentiellement, de la constatation des impacts de la crise Covid-19","DANS L’INTÉRÊT DE SES CLIENTS ET DE LA"
"les ressources à vue, qui évoluent de 10,2%, à 29 914 millions de dirhams. Hors","et du provisionnement prudentiel des encours sains, notamment sur certains","SOCIÉTÉ"
"dépôts à terme en baisse de 13,1%, la collecte bilan du Crédit du Maroc affiche","secteurs impactés par la crise.","Le  Crédit  du  Maroc  s’est  pleinement 
inscrit"
"une progression de 6,5%.","Le  Crédit  du  Maroc  confirme  sa  politique  prudente  de  provisionnement  et","dans  l’élan  de  solidarité  national  initié  par  sa"
"Pour  leur  part,  les  ressources  hors  bilan  augmentent  de  19,5%  grâce  à  la","enregistre une hausse de son taux de couverture global consolidé de 245 points","Majesté le Roi Mohammed VI que Dieu l’Assiste"
"hausse des encours OPCVM (24,9%) et ceux de l’assurance-vie (10,7%).","de base à 94,6%.","en  contribuant  à  hauteur  de  85  millions  de"
"UNE ACTIVITÉ BANCASSURANCE RALENTIE - PRIMES BANCASSURANCE","UNE  CAPACITÉ  BÉNÉFICIAIRE  POSITIVE  -  RNPG  23,7  MDH,  RNPG  HORS","dirhams  au  fonds  spécial  pour  la  gestion  de"
"NON VIE -1,5%","DON COVID 77,3 MDH","la pandémie Covid-19 et en se mobilisant, dès"
"Les  primes  collectées  au  premier  semestre  en  assurance  non  vie  diminuent","Au  final,  le  résultat  net  part  de  groupe  ressort  bénéficiaire  à  23,7  millions  de","le  début  de  la  crise,  pour  garantir  la  sécurité"
"de 1,5% par rapport à la même période de 2019 en lien avec le contexte de la","dirhams enregistrant une baisse de 92,1% par rapport au premier semestre 2019.","de ses collaborateurs, de ses clients et de ses"
"crise sanitaire. Les principales branches portant la baisse sont la prévoyance","À noter que cette baisse découle essentiellement de la dégradation du niveau","partenaires  tout  en  maintenant  les  activités"
"5,9% et l’assistance 2,8%.","du coût du risque sur le deuxième trimestre 2020.","essentielles pour l’ensemble de sa clientèle."
"","","Le  Crédit  du  Maroc  a  en  effet  déployé,  sur  la"
"UN PRODUIT NET BANCAIRE RÉSILIENT - PNB CONSOLIDÉ +0,3%","UNE  STRUCTURE  FINANCIÈRE  SOLIDE –  RATIO  DE  SOLVABILITÉ 14,83% /","période  de  confinement,  un  dispositif  complet"
"À fin juin 2020, le produit net bancaire du Crédit du Maroc progresse de 0,3%","LCR 175%","assurant 
la 
continuité  d’activité,  à 
travers"
"par rapport à juin 2019 pour s’établir à 1 198,7 millions de dirhams. Il est à","Au  titre  du  premier  semestre  2020,  les  fonds  propres  du  Crédit  du  Maroc","l’ouverture  de  100%  des  agences  bancaires"
"signaler que le produit net bancaire du deuxième trimestre ressort en baisse","s’élèvent à 6 402 millions de dirhams induisant un ratio de solvabilité de 14,83%","et  centres  d’affaires, 
la  mise  en  place  du"
"de 3,2% par rapport à la même période 2019.","et un ratio Core Tier 1 de 11,73%.","télétravail pour plus de 40% des collaborateurs"
