"BILAN AU 30 JUIN 2020","","","COMPTE DE PRODUITS ET CHARGES AU 30/06/2020","ÉTAT DES SOLDES DE GESTION AU 30 JUIN 2020"
"","","(En milliers de DH)","(En milliers de DH)","(En milliers de DH)"
"ACTIF","30/06/2020","31/12/2019","LIBELLE
30/06/2020
30/06/2019","I- TABLEAU DE FORMATION DES RÉSULTATS
30/06/2020
30/06/2019"
"Valeurs en caisse, Banques centrales, Trésor public, Service des","","","","+ Intérêts et produits assimilés
 1 089 528   
 1 107 552"
"","","","PRODUITS D'EXPLOITATION BANCAIRE
 1 426 464   
 1 463 661",""
"","1 509 938","2 005 306","",""
"chèques postaux","","","","-  Intérêts et charges assimilées
 214 451   
 246 761"
"","","","Intérêts, rémunérations et produits assimilés sur opérations avec les établissements
 71 976   
 75 684",""
"Créances sur les établissements de crédit et assimilés","5 975 318","6 132 468","","MARGE D'INTÉRÊT
 875 077   
 860 791"
"","","","Intérêts, rémunérations et produits assimilés sur opérations avec la clientèle
 965 953   
 973 806",""
". À vue","1 761 607","2 793 828","","+ Produits sur financements participatifs
 5 742   
 814"
"","","","Intérêts et produits assimilés sur titres de créance
 57 340   
 58 876",""
". À terme","4 213 711","3 338 640","","- Charges sur financements participatifs
 -     
 -"
"","","","Produits sur titres de propriété et certificats de Sukuk
 62 159   
 62 035",""
"","","","","Marge sur financements participatifs
 5 742   
 814"
"Créances sur la clientèle","41 360 317","41 221 512","Produits sur titres de Moudaraba et moucharaka
 -     
 -",""
"","","","","+ Produits sur immobilisations en crédit-bail et en location
 -     
 -"
". Crédits de trésorerie et à la consommation","15 443 335","14 671 774","Produits sur immobilisations en crédit-bail et en location
 -     
 -",""
"","","","","- Charges sur immobilisations en crédit-bail et en location
 -     
 -"
". Crédits à l'équipement","6 044 118","6 351 530","Produits sur immobilisations données en Ijara
 -     
 -",""
"","","","","Résultat des opérations de crédit-bail et de location
 -     
 -"
". Crédits immobiliers","16 380 638","16 502 165","Commissions sur prestations de service
 164 292   
 186 569",""
"","","","","+ Produits sur immobilisations données en Ijara
 -     
 -"
". Autres crédits","3 492 226","3 696 043","Autres produits bancaires
 104 744   
 106 691",""
"","","","","- Charges sur immobilisations données en Ijara
 -     
 -"
"Créances acquises par affacturage","642 459","685 385","Transfert de charges sur dépôts d'investissement reçus
 -     
 -",""
"","","","","Résultat des opérations d'Ijara 
 -     
 -"
"Titres de transaction et de placement","4 793 676","4 949 745","CHARGES D'EXPLOITATION BANCAIRE
 277 417   
 319 472",""
"","","","","+ Commissions perçues
 166 298   
 189 510"
". Bons du Trésor et valeurs assimilées","3 573 090","3 239 589","Intérêts et charges assimilées sur opérations avec les établissements
 10 172   
 16 458",""
"","","","","- Commissions servies
 11 824   
 16 566"
". Autres titres de créance","1 150 546","1 640 116","Intérêts et charges assimilées sur opérations avec la clientèle
 141 902   
 154 598",""
"","","","","Marge sur commissions 
 154 474   
 172 944"
". Titres de propriété","70 040","70 040","Intérêts et charges assimilées sur titres de créance émis
 62 377   
 75 706",""
"","","","","+ Résultat des opérations sur titres de transaction
 30 615   
 25 079"
". Certificats de Sukuk","-","-","Charges sur titres de Moudaraba et Moucharaka
 -     
 -",""
"","","","","+ Résultat des opérations sur titres de placement
 172   
 415"
"Autres actifs","454 361","313 310","Charges sur immobilisations en crédit-bail et en location
 -     
 -",""
"","","","","+ Résultat des opérations de change
 65 125   
 67 854"
"","","","Charges sur immobilisations données en Ijara
 -     
 -",""
"Titres d'investissement","-","-","","+ Résultat des opérations sur produits dérivés
 -     
 -"
"","","","Autres charges bancaires
 62 966   
 72 711",""
". Bons du Trésor et valeurs assimilées","-","-","","Résultat des opérations de marché
 95 911   
 93 348"
"","","","Transfert de produits sur dépôts d'investissement reçus
 -     
 -",""
". Autres titres de créance","-","-","","+ Divers autres produits bancaires
 62 399   
 62 494"
"","","","PRODUIT NET BANCAIRE
 1 149 047   
 1 144 189","- Diverses autres charges bancaires
 44 555   
 46 201"
". Certificats de Sukuk","-","-","",""
"","","","Produits d'exploitation non bancaire
 5 549   
 16 478","± Part des titulaires de comptes de dépôts d'investissement
 -     
 -"
"Titres de participation et emplois assimilés","314 102","317 219","",""
"","","","Charges d'exploitation non bancaire
 -     
 8 352","PRODUIT NET BANCAIRE 
 1 149 047   
 1 144 189"
". Participations dans les entreprises liées","271 599","271 599","",""
"","","","CHARGES GÉNÉRALES D'EXPLOITATION
 598 847   
 601 914","+ Résultat des opérations sur immobilisations financières
-3 117   
-2 193"
". Autres titres de participation et emplois assimilés","42 503","45 620","",""
"","","","Charges de personnel
 356 991   
 346 457","+ Autres produits d'exploitation non bancaire
 5 549   
 16 478"
". Titres de Moudaraba et Mouchraka","-","-","",""
"","","","Impôts et taxes
 15 094   
 13 992","- Autres charges d'exploitation non bancaire
 -     
 8 352"
"Créances subordonnées","-","-","",""
"","","","Charges externes
 159 034   
 177 572","- Charges générales d'exploitation
 598 847   
 601 914"
"Dépôts d’investissement placés","-","-","",""
"","","","Autres charges  générales d'exploitation
 1 408   
 1 632","RÉSULTAT BRUT D'EXPLOITATION 
 552 632   
 548 207"
"Immobilisations données en crédit-bail et en location","-","-","",""
"","","","Dotations aux amortissements et aux provisions des immobilisations","+ Dotations nettes des reprises aux provisions pour créances et"
"Immobilisations données en Ijara","-","-","66 319   
 62 260","-161 835   
-85 875"
"","","","incorporelles et corporelles","engagements par signature en souffrance"
"Immobilisations incorporelles","278 675","245 841","DOTATIONS AUX PROVISIONS ET PERTES","+ Autres dotations nettes de reprises aux provisions
-159 768   
-71 904"
"","","","564 710   
 436 010",""
"Immobilisations corporelles","924 542","907 460","SUR CRÉANCES IRRÉCOUVRABLES","RÉSULTAT COURANT 
 231 029   
 390 428"
"Total de l'Actif","56 253 388","56 778 246","Dotations aux provisions pour créances et engagements par signature en souffrance
 318 620   
 250 924","RÉSULTAT NON COURANT
-111 998   
-24 406"
"","","","Pertes sur créances irrécouvrables
 74 908   
 88 580","- Impôts sur les résultats
 82 126   
 143 849"
"","","(En milliers de DH)","",""
"","","","Autres dotations aux provisions
 171 182   
 96 507","RÉSULTAT NET DE L'EXERCICE 
 36 905   
 222 173"
"PASSIF","30/06/2020","31/12/2019","",""
"","","","REPRISES DE PROVISIONS ET RECUPERATIONS SUR CREANCES AMORTIES
 239 990   
 276 038",""
"Banques centrales, Trésor public, Service des chèques postaux","9","9","","II- CAPACITÉ D’AUTOFINANCEMENT
30/06/2020
30/06/2019"
"","","","Reprises de provisions pour créances et engagements par signature en",""
"Dettes envers les établissements de crédit et assimilés","1 725 586","2 709 865","226 865   
 232 422",""
"","","","souffrance","RÉSULTAT NET DE L'EXERCICE
 36 905   
 222 173"
". À vue","425 051","735 239","Récupérations sur créances amorties
 4 828   
 21 207","+ Dotations aux amortissements et aux provisions des"
"","","","","66 319   
 62 260"
". À terme","1 300 535","1 974 626","","immobilisations incorporelles et corporelles"
"","","","Autres reprises de provisions
 8 297   
 22 409",""
"","","","","+ Dotations aux provisions pour dépréciation des immobilisations"
"Dépôts de la clientèle","43 894 093","43 162 853","RÉSULTAT COURANT
 231 029   
 390 428","3 117   
 2 193"
"","","","","financières"
". Comptes à vue créditeurs","29 874 047","29 216 144","Produits non courants
 569   
 162",""
"","","","","+ Dotations aux provisions pour risques généraux
 144 315   
 78 750"
". Comptes d'épargne","9 771 292","9 821 655","Charges non courantes*
 112 568   
 24 569",""
"","","","","+ Dotations aux provisions réglementées
 -     
 -"
". Dépôts à terme","3 028 720","3 134 563","RÉSULTAT AVANT IMPÔTS SUR LES RÉSULTATS
 119 031   
 366 022",""
"","","","","+ Dotations non courantes
 -     
 -"
". Autres comptes créditeurs","1 206 128","967 989","Impôts sur les résultats
 82 126   
 143 849",""
"","","","","- Reprises de provisions  
-
 20 274"
". Dettes envers la clientèle sur produits participatifs","13 905","22 502","RÉSULTAT NET DE L'EXERCICE
 36 905   
 222 173",""
"","","","","- Plus-values de cession sur immob. incorporelles et corporelles
-
 11 443"
"Titres de créance émis","1 839 096","2 067 676","","+ Moins-values de cession sur immob. incorporelles et corporelles
-
 8 352"
"","","","*  Sur Instruction de BAM du 8 mai courant, le don Covid est constaté comptablement parmi les charges non",""
". Titres de créance négociables","1 839 096","2 067 676","courantes de l’exercice 2020 dans son intégralité, en cohérence avec les comptes consolidés IAS/IFRS et","- Plus-values de cession sur immobilisations financières
 -     
-"
". Emprunts obligataires","-","-","le traitement prudentiel en solvabilité. Conformément au communiqué de l’administration fiscale de mars","+ Moins-values de cession sur immobilisations financières
-
 -"
"","","","courant, ce don revêt le caractère de charge comptable déductible du résultat fiscal.",""
". Autres titres de créance émis","-","-","","- Reprises de subventions d'investissement reçues
 -     
 -"
"Autres passifs","845 602","906 526","","+ CAPACITÉ D'AUTOFINANCEMENT
 250 656   
 342 011"
"Provisions pour risques et charges","1 395 918","1 224 770","","- Bénéfices distribués
-
 -"
"Provisions réglementées","-","-","","AUTOFINANCEMENT
 250 656   
 342 011"
"Subventions, fonds publics affectés et fonds spéciaux de garantie","-","-","",""
"Dettes subordonnées","1 780 683","1 767 571","",""
"","","","CHIFFRE D’AFFAIRES HORS TAXES AU 30 JUIN 2020","ÉTAT A1 - PRINCIPALES MÉTHODES D’ÉVALUATION APPLIQUEES AU"
"Écarts de réévaluation","-","-","(En milliers de DH)",""
"","","","","30 JUIN 2020"
"Réserves et primes liées au capital","2 625 959","2 625 959","",""
"","","","premier semestre 2020
deuxième semestre 2019
premier semestre 2019",""
"","","","","INDICATION DES METHODES D’ÉVALUATION APPLIQUÉES PAR L’ÉTABLISSEMENT"
"Capital","1 088 121","1 088 121","",""
"","","","1 426 464 
1 433 908 
1 463 661","Application des méthodes d’évaluation prévues par le plan comptable des établissements de"
"Actionnaires. Capital non versé (-)","-","-","",""
"","","","","crédit (P.C.E.C) entré en vigueur depuis le 01/01/2000."
"Report à nouveau (+/-)","1 021 417","818 573","","Les états de synthèse sont présentés conformément aux dispositions du P.C.E.C."
"Résultats nets en instance d'affectation (+/-)","-","-","",""
"Résultat net de l'exercice (+/-)","36 905","406 322","",""
"","","","","ÉTAT A2- ÉTAT DES DÉROGATIONS AU 30 JUIN 2020"
"Total du Passif","56 253 388","56 778 246","",""
"","","","","Influence des dérogations"
"","","","","Justifications"
"","","","ÉTAT DES CRÉANCES EN SOUFFRANCE ET DES PROVISIONS","Indications des dérogations
sur le patrimoine, la situation"
