"","","","","","","","","","","","","","","(En milliers de DH)"
"D’UTILISATION : VA","RIATION (PRENEUR)","(3.6)","","","","","","","","","","","",""
"","","","(En m","illiers de DH)","","","Actifs sai","ns","","","","","",""
"","","","","","","Actifs soumis à u","ne ECL 12 mois","Actifs soumi","s à une ECL","Actifs dépréci","és (Bucket 3)","","Total",""
"","Au","gmentations 
Di","minutions","","","","","","","","","","",""
"","31/12/2019","","3","0/06/2020","","( Buck","et 1)","à maturité (","Bucket 2)","","","","",""
"","(a","cquisitions)
(c","essions)","","","","","","","","","","",""
"","","","","","V","aleur comptable 
 C","orrection de Valeur 
 Va","leur comptable","Correction de 
 Va","leur comptable","Correction de 
 V","aleur comptable","Correction de Valeur","Valeur nette"
"Immobilier","","","","","","brute","pour pertes","brute","Valeur pour pertes","brute","Valeur pour pertes","brute (a)","pour pertes (b)","comptable (a)+(b)"
"Valeur brute","135 996","10 660","-619","146 037","Au 31 décembre 2019","41 308 759","-93 291","2 810 882","-328 276","3 783 868","-3 282 895","47 903 510","-3 704 462","44 199 048"
"","","","","","Transfert d'actifs en cours de vie d'un bucket à l'autre","-907 037","198","616 187","-46 686","290 850","-156 322","-","-202 809","-"
"Amortissements et déprécia","tions
-21 465","-11 663","619","-32 509","","","","","","","","","",""
"","","","","","Transfert de ECL 12 mois (Bucket 1) vers ECL Maturité (Bucket 2)","-1 310 912","4 591","1 310 912","-123 117","-","-","-","-118 526","-"
"Total Immobilier","114 531","-1 003","-","113 528","","","","","","","","","",""
"","","","","","Retour de ECL Maturité (Bucket 2) vers ECL 12 mois  (Bucket 1)","437 124","-4 866","-437 124","37 444","-","-","-","32 578","-"
"Mobilier","","","","","Transfert vers ECL Maturité Dépréciés  (Bucket 3)","-82 495","737","-304 390","45 838","386 884","-184 044","-","-137 469","-"
"Valeur brute","3 723","4 020","-1 269","6 474","Retour de ECL Maturité Dépréciés (Bucket 3) vers ECL","","","","","","","","",""
"","","","","","","49 246","-264","46 789","-6 851","-96 034","27 722","-","20 608","-"
"","","","","","Maturité (Bucket 2) / ECL 12 mois (Bucket 1)","","","","","","","","",""
"Amortissements et déprécia","tions
-1 905","-1 092","1 269","-1 729","","","","","","","","","",""
"","","","","","Total après transfert","40 401 723","-93 093","3 427 069","-374 962","4 074 718","-3 439 216","47 903 510","-3 907 271","43 996 238"
"Total Mobilier","1 818","2 928","-","4 746","Variation des Valeurs comptables brutes et des corrections de","","","","","","","","",""
"","","","","","","-1 766 794","-29 655","1 656 519","-69 277","84 314","-15 242","-25 962","-114 174","-"
"","","","","","valeur pour pertes","","","","","","","","",""
"Total Droits d'utilisation","116 349","1 925","-","118 274","","","","","","","","","",""
"","","","","","Nouvelles production : achat, octroi, organisation...","9 880 041","-49 347","448 280","-143 245","","","10 328 320","-192 592","-"
"","","","","","Décomptabilisation : cession, remboursement, arrivée à","","","","","","","","",""
"","","","","","","-8 659 165","10 418","-645 502","91 350","-181 091","56 842","-9 485 758","158 610","-"
"","","","","","échéance…","","","","","","","","",""
"","","","","","Passage à perte","-","-","-","-","-74 777","74 777","-74 777","74 777","-"
"DÉTAIL DES CHARG","ES DE CONTRATS DE","LOCATION","(3.6)","","","","","","","","","","",""
"","","","(En m","illiers de DH)","Modification de flux sur restructurations pour cause de","","","","","","","","",""
"","","","","","","-","-","-","-","-","-","-","-","-"
