"EXTRAIT DES NOTES ET ANNEXES IFRS","","EXTRAIT DES NOTES ET ANNEXES IFRS"
"ses risques. Elle est placée sous l’autorité de la Direction 
Les filiales ont recours à un avis des lignes spécialisées du","Risques  sensibles 
:  Les  contreparties  présentants  des","En  termes  d’outils  informatiques,  la  banque  dispose  d’un"
"des  Risques  et  Contrôles  Permanents    Groupe  (DRCPG), 
Crédit du Maroc qui conditionne l’octroi.","signes  de  fragilités  sont  suivies  dans  le  cadre  du  comité","système 
front-to-back  Arpson  avec  des 
fonctionnalités"
"dont la mission générale est de « donner au Management 
Les 
demandes 
de 
crédit 
formulées 
par 
les 
lignes","mensuel  d’anticipation  et  de  suivi  des  Risques  Sensibles","de  suivi  des  risques  et  de  calcul  des  résultats.  Le  Pôle"
"de  la  banque  l’assurance  que  toutes  ses  activités  sont 
commerciales 
sont 
formalisées 
et 
documentées 
en","sur la base de critères qualitatifs et quantitatifs.","Contrôle  des  Risques  de  Marché  et  Financier  a  accès  à"
"exercées dans des conditions de sécurité acceptable ».
application  des  règles  du  régulateur  et  des  normes  de  la","","ces informations et dispose d’outils complémentaires pour"
"Totalement 
indépendante 
des  métiers, 
elle 
rapporte 
banque.","","mener à bien ses analyses."
"","2.2 RISQUE DE MARCHÉ",""
"directement  au  Président  du  Directoire  et  au  Conseil  de 
Mise en place - Garanties","","Principaux risques et dispositif de contrôle :"
"","Les  activités  de  marché  sont  encadrées  par  des  limites",""
"surveillance, via le Comité des Risques.","","Les  risques  de  marché  ou  risques  de  variation  de  prix,"
"La mise en place des crédits est opérée après vérification","",""
"","globales  et  opérationnelles  définies  dans  le  cadre  de  la",""
"La  DRCPG  définit  les  contrôles  liés  aux  procédures  de 
du respect des conditions d’octroi.","","représentent les pertes potentielles suite à des mouvements"
"","stratégie risques de la banque.",""
"second  niveau,  organise 
les  contrôles  hiérarchiques  ou","","adverses de cours, de prix ou de niveaux de taux."
"La gestion des dossiers de garanties est centralisée.","",""
"","Le 
format 
de 
limites, 
qu’elles 
soient 
globales 
ou",""
"fonctionnels  et 
les  consolide  pour  obtenir  une 
vision","","Risques  de  taux  :  Ils  représentent  les  risques  d’encourir"
"Surveillance des risques et déclassement des créances","opérationnelles,  sont  de  trois  natures  :  quantitative  (VaR,",""
"globalisée de la qualité d’exécution de toutes les activités","","des  pertes  suite  aux  variations  du  niveau  absolu  du  taux"
"Elle est à la charge d’une structure dédiée et indépendante,","Stress, sensibilités détaillées), qualitatif (produits autorisés,",""
"de la banque.","","d’intérêt, d’un spread entre deux courbes de taux ou de la"
"appuyée  par  des 
correspondants  dans 
les  différents","devises autorisées, maturité max…) et des seuils de perte.",""
"Les  risques  couverts  sont  regroupés  dans 
les 
familles","","déformation de la courbe. Il existe plusieurs composantes"
"marchés et dans les régions.","Les sets de limites concernent les activités de la direction",""
"suivantes :","","pour  ce  risque  :  risque  directionnel,  risque  de  pente  et"
"Cette structure qui dispose d’un accès à tous les systèmes","marchés  des  capitaux  dont 
le  rôle  est  d’assurer  des",""
"– Risque  de  contrepartie 
: 
il  correspond  au  risque  de","","risque de base ou de spread."
"d’information de la banque a pour mission de surveiller la","opérations d’intermédiation avec la clientèle (Activités FX,",""
"défaillance  totale  ou  partielle  de 
la  contrepartie  avec","","Ce risque concerne le trading sur titres et la trésorerie. Il"
"qualité des engagements, d’appréhender dans une optique","obligataires, prêts/emprunts, Repos) ainsi que les activités",""
"laquelle des engagements de bilan ou hors bilan ont été","","est encadré par un dispositif de limites quantitatives (VaR,"
"préventive les dégradations des risques (impayés, gel des","de marché de la trésorerie de la banque.",""
"contractés,","","Stress, nominal et sensibilités détaillées)."
"comptes, etc.) et d’en assurer un suivi.","",""
"– Risques financiers :","Organisation de la filière","Risque  de  change  :  C’est  le  risque  d’encourir  des  pertes"
"Elle  organise  sur  la  base  d’indicateurs  internes  un  suivi","",""
"1. Risque de marché : les risques de marché ou risques","Les activités de marchés sont organisées en trois domaines","suite  aux  variations  du  cours  des  devises  étrangères  par"
"rapproché  des  créances  sensibles  qui  est  opéré  par  un","",""
"de variation de prix, représentant les pertes potentielles","indépendants :","rapport à la monnaie de référence ou monnaie locale."
"Comité mensuel dédié.","",""
"suite à des mouvements adverses de cours, de prix ou","Le Front Office :","Les positions sont encadrées par des limites réglementaires"
"Elle identifie les créances qui relèvent du déclassement en","",""
"de niveau de taux.","Le  Front  Office  est  littéralement  l’interface  de  la  banque","et des limites internes (VaR, Stress, nominal individuelle et"
"« souffrance », selon les critères édictés par le régulateur","",""
"2. Risque de liquidité ou de taux : risque lié à la liquidité","avec  le  marché.  Il  centralise  et  traite  tous  les  besoins  de","globale, Loss alert…)."
"en 
la  matière  et 
les  provisionne  en  conséquence.  Ces","",""
"de la banque et à l’évolution des taux,","la  banque  et  de  ses  clients  en  termes  de  couverture  et","Risques liés aux défauts : une part importante des risques"
"décisions sont validées par un Comité dédié pour assurer","",""
"3. Risque  de  contrepartie  sur  opérations  de  marché  :","financement. 
Il  engage 
la  banque  dans 
le  respect  des","pris par les établissements financiers sur les marchés se"
"une  parfaite  couverture  des  risques  et  conformité  aux","",""
"risque de crédit lié aux opérations de marché.","limites internes de marché, des limites réglementaires et","trouve liée aux événements de défauts (défaillance d’une ou"
"normes réglementaires.","",""
"","des lignes de crédit qui lui sont accordées.","plusieurs contreparties, risque de non-transfert…)."
"– Risque  opérationnel 
:  Risque 
lié  à 
l’exécution  des 
Recouvrement","",""
"opérations. 
Il 
comprend 
les 
risques 
informatiques,","Il 
est 
rattaché 
hiérarchiquement 
à 
la  Direction 
de","Les opérations de marché peuvent générer :"
"Pour  le  marché  Retail  et  PRO/TPE,  le  réseau  réalise  le","",""
"juridiques, fiscaux, réglementaires et commerciaux.","l’Internationale 
et 
des  Activités 
de  Marché 
du 
pôle","- des risques de règlement/livraison ;"
"recouvrement du premier impayé sur les clients segmentés","",""
"","Développement.",""
"Le Contrôle Permanent qui couvre l’ensemble des risques 
risque faible et sur les débits jusqu’à 30 jours de retards.","","- des risques de variation."
"définis par les accords de Bâle 2, est organisé autour de la 
Les  structures  centrales  de  recouvrement  prennent  en","Le Middle Office :","En effet, si l’un des intervenants fait défaut alors que l’autre"
"Direction des Contrôles Permanents (DCP).
charge  le  recouvrement  dès  le  premier 
impayé  sur  les","Le  Middle  Office  assure  les  contrôles  et  le  respect  des","contrepartie a déjà rempli ses propres obligations, à savoir :"
"1.2.2. L’Audit et l’Inspection
clients segmentés risque moyen et élevé ainsi que le débit","limites fixées par les Risques.","livrer  des  fonds,  alors  la  perte  porte  sur  la  totalité  du"
"dès 30 jours de retard. 
La Direction de l’Audit et de l’Inspection assure la fonction","","montant (nominal) de la transaction (à la livraison), c’est le"
"","Le Back-Office :",""
"d’audit 
interne  en  réalisant  des  missions  de  contrôle 
Pour  le  marché  PME/PMI  et  Grandes  Entreprises,  il  est","","risque de livraison ou non concomitance des flux échangés."
"","Le Back Office suit le traitement post –marché des opérations :",""
"périodique  sur  pièce  et  sur  place  dans 
les  différentes 
assurée  par  les  chargés  d’affaires  avec,  selon  les  cas  et","","Ce  risque  affecte 
le  change 
(comptant  et 
terme), 
les"
"","confirmation, paiement, règlement – livraison et comptabilité.",""
"unités et directions constituant la Banque. Elle est chargée 
sur décision de comité dédié ou à la demande de la ligne","","swaps de change (swaps de trésorerie ou cambiste). Pour"
"","Il est rattaché hiérarchiquement à la Direction des Services",""
"d’évaluer  la  maîtrise  globale  des  différents  risques  et  de 
commerciale,  l’appui  d’une  structure  centrale  dédiée  au","","les  opérations  sur  tires  (ferme  ou  temporaire),  ce  risque"
"","Bancaires à la Clientèle.",""
"faire  des  propositions  d’actions  correctives.  Elle  exerce 
Recouvrement et Restructuration de créances.","","n’existe pas du fait que les transactions sont effectuées via"
"","Le PCRMF (Pôle Contrôle des Risques de Marché et Financier) :",""
"ses  travaux  en  toute  indépendance  et  rapporte  à  ce  titre 
Si le dossier passe en “ Compromis ” il est pris en charge par","","un système DVP (Delevery Versus Payment)."
"directement au Comité d’Audit.","En matière de suivi et de contrôle des activités de Marché,",""
"la Direction du Recouvrement qui poursuit le recouvrement","","Si  par contre  la  défaillance  intervient  entre  la  négociation"
"","le PCRMF, a en charge :",""
"et opère en parallèle les poursuites judiciaires.","","et  la  livraison,  alors  la  perte  potentielle  correspond  à  la"
"","- le  suivi  du  respect  des 
limites,  que  celles-ci  soient","variation  du  cours  de  change  entre  le  cours  négocié  et  le"
"Tout 
le  processus  de  décision  et  de  surveillance  des 
EXPOSITION AUX RISQUES ET STRATÉGIE","",""
"","quantitatives (niveaux de risque), qualitatives (instruments,","cours prévalant sur le marché au moment où il faut trouver"
"risques est traçable et auditable.","",""
"DE COUVERTURE","",""
"","devises  ou  maturités  autorisés)  ou  relatives  aux  niveaux","une  nouvelle  contrepartie  de  remplacement,  il  s’agit  du"
"Notation interne","",""
"2.1 RISQUE DE CRÉDIT","de perte tolérée ;","coût de remplacement et c’est le risque de variation."
"Le  Crédit  du  Maroc  dispose  d’un  système  de  notation.","",""
"","- le  traitement  des  dépassements  (analyse  des  raisons,","Ces risques sont encadrés par des limites individuelles sur"
"Il 
couvre 
toutes 
les 
créances 
entreprises 
(PME/PMI, 
Politique générale","",""
"","mode et délai de régularisation…) ;","les contreparties y compris les correspondants de la salle"
"Grandes  entreprises  et  entreprises  des  secteurs  de 
la 
La politique de crédit du Crédit du Maroc s’inscrit dans le","",""
"","- la surveillance des risques et des résultats en liaison avec","des marchés et accordées par la banque dans le cadre de"
"promotion  immobilière  et  de  l’hôtellerie),  sauf  les  banques 
cadre de principes généraux et dans le respect des normes","",""
"","l’évolution des marchés ;","l’étude de risque annuelle."
"et  les  institutions  financières  qui  disposent  d’une  notation 
édictées par le régulateur et par le groupe d’appartenance","",""
"spécifique en relation avec le groupe d’appartenance et qui","- l’analyse et le contrôle des P&L de gestion ;","Le calcul des consommations de VaR (Value at Risk) du CDM"
"Crédit Agricole SA.","",""
"font l’objet de notation par la maison mère Crédit Agricole SA.","- la production et le contrôle de la qualité des indicateurs de","est  réalisé  via  l’outil  de  Consolidation  du  Groupe  (Global"
"Elle 
couvre 
les 
aspects 
relatifs 
à 
la 
déontologie,","",""
"","risques ;","View  Risk)  alimenté  en  données  de  risques  de  marché"
"Le  système  de  notation  du  Crédit  du  Maroc  est  conforme 
l’indépendance, 
la 
responsabilité, 
la 
collégialité 
des","",""
"","","(vecteurs  de  sensibilités,  positions  de  change,  courbe  de"
"aux préconisations de Bâle 2. Il est uniforme sur l’ensemble","- le Back testing de la VaR (Value at Risk) ;",""
"décisions, la maîtrise et le suivi des risques, la rémunération","",""
"","","taux MAD) par les outils de CDM."
"du périmètre du groupe Crédit Agricole.
des opérations, etc.","- la production et l’analyse des stress scenarii ;",""
"","","Aussi, 
les  stress  globaux  selon 
les  méthodologies  du"
"Le  système 
repose  sur  une  appréciation  quantitative 
Elle est revue chaque année, dans le cadre de la stratégie","- la vérification des données de marché ;",""
"","","Groupe sur ces activités sont calculés hebdomadairement"
"et  qualitative.  Il  fait  intervenir  les  différents  acteurs  du","",""
"risques qui examine toutes les activités de la banque et les","- la  vérification  que 
le  Back  Office  s’est  assuré  de 
la",""
"","","via l’outil Groupe."
"processus de décision : les chargés d’affaires, les risques","",""
"risques qu’elles induisent et fixe des limites opérationnelles","cohérence des stocks entre outil Front Office et données",""
"et les décisionnaires.","","Enfin, les résultats quotidiens des activités de trading (sur"
"en termes de segment de clientèle, de secteurs d’activité,","comptables ;",""
"","","bonds et sur le change) sont alimentés dans l’outil Groupe"
"Le  système  de  notation  du  Crédit  du  Maroc  est  backtesté 
de concentration, etc.","",""
"","- la production et analyse des états de suivi de l’exposition",""
"","","(CADRE) et la VaR fait l’objet d’un back-testing."
"annuellement.","",""
"Cette stratégie est présentée par le Directoire au Conseil de","aux risques.",""
"","","Mise en conformité par rapport à LBF / Volcker :"
"Pour 
la  Banque 
de  Réseau, 
tous 
les 
crédits 
à 
la 
surveillance qui la valide.","",""
"","Il  est  rattaché  hiérarchiquement  à  la  Direction  Contrôle",""
"consommation sont soumis à un score d’octroi soit propre","","Dans le cadre de la mise en conformité avec les exigences"
"Dispositif de décision et de gestion des risques","Central des Risques.",""
"au Crédit du Maroc, ou soit celui du partenaire Wafasalaf et","","de  LBF/Volcker  (Loi  Bancaire  Françaises  /  Volcker  rules),"
"Etude et décision","Le suivi des risques doit être effectué aux différents niveaux",""
"ce, en fonction de critères bien définis.","","une  réorganisation  des  portefeuilles  et  centres  de  profits"
"","de l’établissement avec des séparations de pouvoir entre le",""
"Le  processus  de  décision  découle  des  pouvoirs  détenus","",""
"","","(découpage des activités par desk) a été mise en place en"
"Grille de notation Corporate :","",""
"","front office, le middle office, le back office, les risques et le",""
"par  le  Président  du  Directoire  et  des  subdélégations  qu’il","",""
"","","phase  avec  l’arborescence  risques.  Cette  réorganisation"
"Elle  comporte  13  échelons  de  A  à  E,  avec  des  échelons","contrôle financier, autrement dit entre ceux qui passent les",""
"a  distribué  aux  acteurs,  selon  un  mode  intuitu-personae,","",""
"","","assure  une  séparation  entre 
le  banking  book 
(ALM  &"
"intermédiaires, pour les contreparties saines et 2 échelons","ordres et ceux qui les contrôlent.",""
"décliné  en 
fonction  des  marchés.  Au-delà  des 
limites","",""
"","","activités  de  trésorerie)  et  les  activités  de  la  direction  des"
"F et Z, pour les contreparties en défaut, dont le dernier pour","",""
"subdéléguées, les décisions sont prises par le Comité des","Ainsi, cette organisation permet :",""
"","","marchés de capitaux (DMC) dont le rôle est d’assurer des"
"les contreparties en recouvrement juridique.","",""
"crédits dont les décisions sont collégiales.","- de s’assurer en permanence du respect des procédures,",""
"","","opérations d’intermédiation avec la clientèle."
"Ces  échelons  sont  compatibles  avec 
les  échelles  de","",""
"Le  processus  de  décision  est  géré  par  un  applicatif","des normes et des  limites mises en place ;",""
"notation des principales sociétés de rating internationales :","",""
"informatique 
centralisé 
et 
intégré 
qui 
détermine 
en","- d’analyser 
les 
causes  du  non-respect  éventuel  des",""
"Standard&Poor et Moody’s.","","2.3 RISQUES OPÉRATIONNELS"
"fonction de normes et de critères paramétrés, les niveaux","procédures et des limites ;",""
"Délégation : 
de  délégation  requis.  Les  décisions  en  faveur  des  clients","","Le  Crédit  du  Maroc  a  adopté 
la  définition 
issue  des"
"","- d’informer  les  entités  et/ou  les  personnes  désignées  à",""
"La  notation  est  un  élément  essentiel  du  processus  de 
professionnels et entreprises nécessitent un double regard","","recommandations  de  Bâle  2  pour  le  risque  opérationnel."
"","cet  effet  de  l’ampleur  des  dépassements  et  des  actions",""
"décision. Elle conditionne le niveau de délégation.
de la ligne commerciale et des risques.","","Il  s’agit  des  pertes  résultant  de 
l’inadéquation  ou  de 
la"
"","correctrices qui sont proposées ou entreprises ;",""
