"","EXTRAIT DES NOTES ET ANNEXES IFRS",""
"Fonctionnement du Comité d’Audit","","2.4.  Comité Systèmes d’information"
"","Les treize membres du Comité de Direction générale sont :",""
"Le  Comité  d’Audit  se 
réunit,  sur  convocation  de  son","","Le  Comité  Systèmes  d’information  a  pour  mission  de"
"","Date de",""
"Président, au moins une fois par trimestre, à l’occasion de","Prénom et nom 
Fonction","présenter les principales réalisations de la période écoulée,"
"","nomination",""
"chaque  arrêté  des  comptes  trimestriel,  et  avant  chaque","","l’avancement  des  portefeuilles  projets  et 
le  suivi  de 
la"
"","Bernard MUSELET
Président du Directoire
2019",""
"présentation en Conseil de Surveillance.","Karim DIOURI
Membre du Directoire en charge du Pôle Développement
2020","production  informatique  et  de  passer  enrevue  les  projets"
"1.4.3 Comité de Nomination et de Rémunération","Stéphane CLÉRISSE
Membre du Directoire en charge du Pôle Fonctionnement
2019","stratégiques  et  les  arbitrages  éventuels  pour  les  travaux"
"","Directeur général adjoint en charge de l’immobilier
2020","des périodes à venir."
"Composition","Wafae BENNANI",""
"","Directeur général adjoint Technologies et Services Clients
2011 à 2020",""
"","","2.5.  Comité Immobilier"
"Le Comité de Nomination et de Rémunération est composé","",""
"","Siham NOUR
Directeur général adjoint Services Clients & Assurances
2020",""
"de 
trois  membres  au  moins,  dont  au  moins 
le 
tiers","","Le Comité immobilier prend  toutes les décisions relatives"
"","Directeur général adjoint Ressources Humaines
2020",""
"","Moncef EL HARIM",""
"répondant aux critères d’indépendance, tous nommés par","","aux projets immobiliers de la Banque."
"","Directeur général adjoint Ressources Humaines et Immobilier Groupe
2014 à 2020",""
"le Conseil de Surveillance parmi les membres du Conseil","Gérard BIESSY-BONNET
Directeur général adjoint Réseau
2016","Il a également pour mission le traitement des sujets relatifs"
"de Surveillance de la Banque, sur proposition du Comité de","Ali CHORFI
Directeur général adjoint Corporate
2020","à l’organisation, la gouvernance, les politiques de sécurité"
"","Régis LEFÈVRE
Directeur général adjoint Finances Groupe
2020",""
"Nomination et de Rémunération.","","de l’information et les plans d’actions de la Banque dans le"
"","Abderrahmane BENHAYOUN
Directeur général adjoint Marchés & Expérience Client 
2020",""
"Fonctionnement 
du 
Comité 
de 
Nomination 
et 
de","","domaine de la sécurité des personnes et des biens."
"","Didier FALCONET
Directeur général adjoint Crédits et Recouvrement
2018",""
"Rémunération","","2.6.  Comité RSE"
"","Si Mohamed SRAIDI
Directeur des Risques et Contrôles Permanents Groupe
2019",""
"Le Comité de Nomination et de Rémunération se réunit sur","Yann CRISPIN
Directeur général adjoint Transformation
2020","Le Comité RSE a pour mission la validation du portefeuille"
"convocation de son Président. Le Comité de Nomination et","","des  actions  éligibles  à  RSE  et  FReD  et 
le  suivi  des"
"de Rémunération se réunit chaque fois qu’il est nécessaire","","évaluations  des  différents  plans  d’actions 
inscrits  dans"
"","2.4.2  Comités spécifiques
du renforcement des dispositifs de prévention des fraudes",""
"et au moins une fois par an.","","la  démarche  RSE  et  FReD  et  des  actions  menées  par  la"
"","et  de  lutte  contre  la  corruption  et  traite  les  affaires  de 
Dans 
un 
souci 
d’efficience 
et 
d’amélioration 
de 
la",""
"","","Fondation Crédit du Maroc."
"","fraude externe. 
performance opérationnelle, les missions et la composition",""
"","","2.7.  Comité Gouvernance de la donnée"
"2.  LE DIRECTOIRE","des  29  Comités  hors  Comité  de  direction  générale  a  été 
1.7.  Comité Contrôle Interne",""
"","","Le  Comité  Gouvernance  de  la  donnée  a  pour  mission  de"
"1.1 Dispositions générales","revue.  Le  6  janvier  2020,  le  Comité  de  direction  générale,",""
"","Le Comité de contrôle interne assure le suivi des dispositifs",""
"","","porter la stratégie Data dans la Banque, valider la stratégie,"
"Le  Conseil  de  Surveillance  désigne 
le  Président  du","sur délégation du Directoire, a procédé à une simplification 
de  contrôle 
interne  et  la  coordination  des  fonctions  de",""
"","","le  budget,  les  politiques  et  procédures  de  la  gouvernance"
"Directoire,  ainsi  que  sur  proposition  de  ce  dernier, 
les","de 
la  comitologie  du  Crédit  du  Maroc  et  a  validé 
les 
contrôle (risques, contrôle permanent, conformité, contrôle",""
"","","Data."
"autres  membres  du  Directoire  pour  une  durée  de  quatre","nouveaux Comités de la Banque. Dans ce contexte, certains 
périodique).",""
"","","2.8.  Comité Ressources humaines"
"années. Les nominations sont soumises, en application de","Comités ont été fusionnés avec d’autres Comités ramenant",""
"","1.8.  Comité Management de la Conformité",""
"","","Le Comité ressources humaines examine les mouvements"
"la Loi Bancaire, à Bank Al-Maghrib pour approbation.","le nombre de Comités internes à 21.",""
"","Le Comité de management de la conformité a pour mission",""
"","","et  nominations  des  cadres  supérieurs, 
les  politiques"
"Le  Directoire  présente,  une  fois  par  trimestre  au  moins,","Les  Comités 
internes  sont  désormais  classés  en  trois",""
"","le  suivi  de  la  mise  en  œuvre  du  programme  de  mise  en",""
"","","des  Ressources  Humaines  de  la  Banque  et  identifie  les"
"au  Conseil  de  Surveillance,  un  rapport  qui  retrace 
les","catégories :",""
"","conformité, l’état d’avancement des dispositifs dela Sécurité",""
"","","collaborateurs  à  fort  potentiel  (plan  d’accompagnement,"
"principaux  actes  ou  faits  intervenus  dans  la  gestion  de  la","(i)  les  Comités  dont  la  constitution  est  régie  par  un  texte",""
"","Financière  LAB/FT  et 
les  sanctions 
internationales, 
la",""
"","","formation, mobilité)."
"Banque.","réglementaire  ou  découle  d’une  exigence  du  groupe",""
"","protection de la clientèle, la conformité financière, ainsi que",""
"Enfin,  conformément  aux  dispositions  de  la  Loi  17-95,  le","Crédit Agricole S.A. : les « Comités Réglementaires » ;
la  prévention  de  la  fraude  et  la  lutte  contre  la  corruption.",""
"","","3.  Comités Arreda"
"Directoire arrête, chaque année, les comptes de la Banque","(ii) les Comités ne découlant pas d’un texte réglementaire 
Il 
valide  également 
les  cartographies  des 
risques  et",""
"","","3.1.  Le Comité des financements participatifs"
"et établit un rapport de gestion qui est soumis au Conseil de","ou d’une exigence du groupe : les « Comités Métiers » ;
les  plans  de  contrôles  et  assure  le  suivi  des  évolutions",""
"","","Le  Comité  des  financements  participatifs  présente,  pour"
"Surveillance et à l’Assemblée générale.","réglementaires et la mise en œuvre des dispositions légales",""
"","(iii) les Comités Arreda.",""
"","","décision, les dossiers de financements participatifs pour la"
"","et réglementaires.",""
"2.2  Composition du Directoire","","clientèle de la fenêtre participative de la Banque."
"","1.  Comités Réglementaires",""
"","1.9.  Comité ALM",""
"Le Directoire est composé, depuis le 27 mars 2020, des trois","","3.2.  Le Comité de gestion des dépôts d’investissement"
"","1.1. Comité Satisfaction Clients",""
"","Le Comité ALM organise et supervise la fonction actif-passif",""
"membres suivants :","","Le  Comité  de  gestion  des  dépôts  d’investissement  décide"
"","Le Comité Satisfaction Clients a pour mission de partager 
de la Banque et a pour mission la gestion et la supervision",""
"","","des (i) taux de partage des profits à appliquer aux différentes"
"","les  remontées  des  dysfonctionnements,  proposer,  pour 
du risque de taux d’intérêt global et du risque de liquidité, la",""
"","","catégories  de  dépôts  d’investissement  sur 
la  base  des"
"","décision,  les  solutions  à  mettre  en  place  et  suivre  leur 
gestion du risque de change structurel et opérationnel et les",""
"Première  
Dernier renou-
Echéance du","",""
"","","simulations opérées par le système informatique pour les"
"Prénom et nom 
Fonction","",""
"élection
vellement 
mandat en cours","bonne prise en charge.
orientations de la politique globale de gestion financière :",""
"","","périodes  futures  et  (ii)  fourchettes  de  provisions  (PER  et"
"","Il  a  également  pour  mission  d’analyser  la  performance 
orientations commerciales, la croissance du bilan, etc.",""
"Conseil de 
Conseil de 
Assemblée générale ordinaire","","IRR) à constituer ou des reprises à effectuer par la Banque"
"Président du","",""
"Bernard MUSELET
Surveillance 
Surveillance 
annuelle  statuant sur les comptes de","tournée « client » des principaux processus clés et proposer 
1.10.  Comité Sécurité de l’information",""
"Directoire","","dans  le  cadre  de  la  gestion  des  dépôts  d’investissement"
"du 26/07/2019
du 27/03/2020
l’exercice clos le 31 décembre 2023","des actions d’amélioration avec des priorisations.",""
"","Le 
Comité 
sécurité 
de 
l’information 
présente 
les","pour les périodes futures."
"Membre du Directoire 
Conseil de 
Assemblée générale ordinaire","1.2.  Comité Crédits
résultats et le suivi des plans d’actions relatifs aux audits",""
"Karim DIOURI
en charge du Pôle 
Surveillance 
-
annuelle  statuant sur les comptes de","",""
"","Le Comité des crédits présente, pour décision, les dossiers 
réglementaires, il a pour mission le traitement des sujets",""
"","","2.4.3  Cercles managériaux"
"Développement
du 27/03/2020
l’exercice clos le 31 décembre 2023","",""
"","crédits  non  délégués  pour  les  clientèles  de  la  Banque  et 
relatifs  à  l’organisation,  la  gouvernance,  les  politiques  de",""
"","","Dans le cadre de l’amélioration du rôle et l’implication plus"
"Membre du Directoire 
Conseil de 
Conseil de 
Assemblée générale ordinaire","décide  des  propositions  de  financement  entrant  dans  le 
sécurité de l’information et les plans d’actions de la banque",""
"","","forte  du  management  dans  l’accroissement  quotidien  des"
"Stéphane CLÉRISSE
en charge du Pôle 
Surveillance 
Surveillance 
annuelle  statuant sur les comptes de","",""
"","champ de la délégation du Comité des crédits. 
dans le domaine de la sécurité des systèmes d’information.",""
"Fonctionnement
du 26/07/2019
du 27/03/2020
l’exercice clos le 31 décembre 2023","","performances du Crédit du Maroc, le Directoire a instauré,"
"","1.3.  Comité Anticipation et Suivi des risques (ASR) Grande 
1.11.  Comité RH Restreint",""
"","","en  2016,  les  cercles  managériaux  suivants  :  le  Carrefour"
"","Entreprise & Déclassement
Le  Comité  RH  restreint  a  pour  mission 
le 
traitement",""
"","","Coordination Mensuel, le Cercle 1 et le Cercle 2."
"","Le  Comité  d’anticipation  et  de  suivi  des  risques  grande 
des 
affaires 
de 
fraude 
interne 
ou  mixte 
impliquant",""
"2.3  Fonctionnement du Directoire","","Ces cercles managériaux ont pour but commun :"
"","entreprise  &  déclassement  a  pour  mission  de  valider  les 
un  collaborateur  de 
la  Banque  et 
le 
traitement  des",""
"Le fonctionnement du Directoire est régi par les dispositions légales et statutaires ainsi que par son règlement intérieur.","","–  de  décliner  la  stratégie  par  les  différents  niveaux  de  la"
"","propositions  de  déclassement,  décider  du  passage  au 
manquements  caractérisés  au  règlement  intérieur  de  la",""
"a)  Rôle et pouvoirs du Directoire en application des dispositions légales et statutaires","","ligne managériale ;"
"","contentieux des dossiers de crédits en anomalie et valider 
Banque et aux règles éthiques édictées dans la charte et le",""
"","","–  de créer un esprit de corps entre managers ;"
"Le Directoire est investi des pouvoirs les plus étendus pour prendre en toutes circonstances, au nom de la Banque, toutes","les statuts de souffrance et les provisions à constituer.
code éthiques de la Banque.",""
"décisions concourant à la réalisation de son objet social et pour faire ou autoriser tous actes de gestion et de disposition,","","–  de s’informer de la stratégie, sa déclinaison, l’avancement"
"","Il  a  également  pour  mission  l’anticipation  etle  suivi  des",""
"et ce, sous réserve des pouvoirs attribués par la Loi 17-95 et les statuts au Conseil de Surveillance et aux Assemblées","2.  Comités Métiers","du  projet  CAP  2020  et  des  grands  projets  ainsi  que  des"
"","engagements sensibles ou sous surveillance de la Banque.",""
"d’Actionnaires.","2.1.  Comité Développement","résultats commerciaux et financiers de la Banque ;"
"","1.4.  Comité Pilotage des risques",""
"b)  Rôle et pouvoirs du Directoire en application du règlement intérieur","Le Comité développement est un comité de priorisation et","–  de  développer  les  compétences  professionnelles  et  le"
"","Le Comité pilotage des risques a pour mission le suivi de la",""
"","de  présentation  des  projets  en  lien  avec  les  orientations","savoir-faire par l’échange d’expériences ;"
"Le règlement intérieur du Directoire décrit les modalités d’organisation et le mode de fonctionnement. Il a un caractère","mise en œuvre des recommandations du domaine risques,",""
"","stratégiques, de la mise en marché des initiatives et de la","–  de  relayer 
les  différentes  décisions  du  Directoire,  du"
"purement interne et n’est opposable ni à la Banque, ni aux actionnaires, ni aux tiers. Les règles instituées par le règlement","la revue des projets risques et le suivi de leur avancement,",""
"","tarification des produits et services.","Comité de Direction générale et/ou les sujets d’actualité ;"
"intérieur le sont sans préjudice de celles contenues dans les statuts de la Banque ou imposées par les lois et règlement en","le  suivi  des  évolutions  réglementaires  risques  et  le  suivi",""
"vigueur, lesquelles prévalent.","2.2.  Comité Stratégie Corporate","–  d’améliorer  la  communication  et  les  relations  entre  les"
"","des résultats des contrôles et des analyses en matière de",""
"","Le Comité Stratégie Corporate  a pour mission d’élaborer","services et hiérarchies ;"
"","surveillance des risques.",""
"2.4  Comité de Direction générale, Comités spécifiques et cercles managériaux","",""
"","la stratégie Corporate de la Banque en matière de conquête","–  de 
faire 
remonter 
toutes 
informations 
susceptibles"
"","1.5. Comité Recouvrement",""
"2.4.1  Comité de Direction générale","et  de  développement  et  de  décliner  la  stratégie  en  plans","d’avoir un impact sur le fonctionnement de la Banque ;"
"","Le  Comité  recouvrement  a  pour  mission  de  procéder  au",""
"","d’actions qui feront l’objet d’un suivi à chaque Comité.",""
"Le Directoire a mis en place le Comité de Direction générale composé, à la date du présent rapport, de treize membres en","","–  de  s’assurer  que  les  décisions  actées  sont  valablement"
"","suivi  global  du  portefeuille  dans  le  temps  et  de  décider",""
"ce compris les membres du Directoire. Le Comité de Direction générale se réunit de manière hebdomadaire.","Il  a  également  pour  mission  d’engager  une  démarche","appliquées et exécutées ;"
"","d’orientations en matière de recouvrement pré-contentieux",""
"","prospective d’optimisation des activités à déployer avec les",""
"Ses  membres,  chacun  dans  son  domaine  de  compétence,  assistent  le  Directoire  et  assurent  la  coordination  entre  les","et/ou restructuration et/ou contentieux.","–  d’accroître l’adhésion des collaborateurs de la Banque et"
"","grandes entreprises du territoire.",""
"différents  pôles  de  gestion  de  la  Banque  en  termes  de  stratégie,  de  politique  de  développement  et  de  supervision  du","","leur degré d’engagement."
"","1.6.  Comité Juridique",""
"fonctionnement de la Banque. Cette collégialité constitue un principe clé de bonne gouvernance.","2.3.  Comité flux",""
"","Le 
Comité 
juridique 
passe 
en 
revue 
les 
dossiers",""
"","Le Comité des flux recense, analyse et mesure les flux des",""
"","sélectionnés  en  fonction  des  critères  de  montants  et/ou","1.2-Organisation de la gestion des risques"
"","différents canaux de captation, établit des diagnostics et fait",""
"","de dossiers à risques et prend des décisions concernant le","1.2.1 Le Contrôle Permanent des Risques Groupe"
"","des propositions pour optimiser l’utilisation de ces canaux.",""
"","provisionnement desdits dossiers.",""
"","","Le Crédit du Maroc, en s’appuyant sur l’expérience de son"
"","Il a également pour mission le suivi de l’état d’avancement","Groupe  d’appartenance,  a  adopté  une  gestion  centrale  de"
