"","","","","","","30/06/2020","31/12/2019","","","",""
"","","","","","","","","Impôts","-","-20 534","-"
"JUSTE VALEUR PAR CAPITAUX PROPRES (2.6)","","","","","","","","","","",""
"","","","","","Opérations avec la clientèle","","","Gains et pertes comptabilisés directement en capitaux","","",""
"","","","(En milliers de","DH)","","","","","","",""
"","","","","","Créances commerciales","8 736 440","8 302 378","propres sur instruments de dettes comptabilisés à la juste","-","34 964","-"
"","30/06/2020","","30/06/2019","","","","","valeur par capitaux propres recyclables (nets d'impôts)","","",""
"","","","","","Autres concours à la clientèle","32 115 822","32 389 360","","","",""
"Gains ou pertes nets sur instruments de dettes comptabilisés en","","","","","","","","","","",""
"","","-","1 6","82","Valeurs reçues en pension","1 977 517","2 497 298","","","",""
"capitaux propres recyclables","","","","","","","","","","",""
"","","","","","","","","AUTRES ACTIFS FINANCIERS À LA JUSTE V","ALEUR P","AR RÉSUL","TAT (3.5)"
"","","","","","Titres reçus en pension livrée","-","-","","","",""
"Rémunération des instruments de capitaux propres comptabilisés","","","","","","","","","","(En","milliers de DH)"
"","","-","","-","Prêts subordonnés","-","-","","","",""
"en capitaux propres non recyclables (dividendes)","","","","","","","","","","",""
"","","","","","","","","","30/0","6/2020
3","1/12/2019"
"","","","","","Créances nées d’opérations d’assurance directe","-","-","","","",""
"Dont dividendes sur instruments décomptabilisés au cours de la","","","","","","","","","","",""
"","","-","","-","","","","Actions et autres titres à revenu variable","","295 171","271 736"
"période","","","","","Créances nées d’opérations de réassurance","-","-","","","",""
"","","","","","","","","Titres de participation non consolidés","","53 868","54 087"
"Gains ou pertes nets sur instruments financiers à la juste valeur","","","","","Avances en comptes courants d'associés","-","-","","","",""
"","","-","1 68","2","","","","Total Instruments de capitaux propres à la juste valeur par résult","at","349 039","325 823"
"par capitaux propres","","","","","Comptes ordinaires débiteurs","3 066 658","2 730 183","","","",""
"","","","","","Valeur brute","45 896 437","45 919 219","","","",""
"","","","","","","","","AUTRES ACTIFS FINANCIERS À LA JUSTE V","ALEUR P","AR RÉSUL","TAT (3.5)"
