"Pertes de valeur comptabilisées en résultat","","-     
 -     
 -     
 -","","","","","","","","ENGAGEMENTS DE PRÊTS, GARANTIES FINANCIÈ","RES"
"Reprises de pertes de valeur en résultat","","-     
 -     
 -     
 -","","","","","","","","",""
"","","","","","","","","","","ET AUTRES ENGAGEMENTS AU 30/06/2020",""
"","","","L
’information sectorielle","de Crédit du Maroc, fil","iale","du Groupe Crédit A","gricole S.A., est a","rticulée au","tour","","(En milliers de DH)"
"Solde de clôture","","834 244   
 2 418 840   
 775 564   
 2 350 077","","","","","","","","",""
"","","","des pôles d’activités suiv","ants :","","","","","","",""
"Cumul des dépréciations","","-     
 -     
 -     
 -","","","","","","","","","Montants notionnels"
"Cumul des amortissements","","544 996   
 1 075 621   
 521 196   
 1 029 528","BANQUE MAROC ET","BANQUE OFFSHOR","E :","","","","","Engagements de prêt","5 195 091"
"Actifs détenus dans le cadre d'un contrat de location-finance","ment","-     
 -     
 -     
 -","comprenant Crédit du M","aroc SA, Crédit du Mar","oc","capital, Crédit du Ma","roc Patrimoine, C","rédit du M","aroc","",""
"","","","","","","","","","","Donnés :","5 195 091"
"","","","Assurance, Société Finan","cière et Immobilière M","aro","caine et Crédit du M","aroc Offshore.","","","",""
"Actifs loués en location-simple","","-     
 -     
 -     
 -","","","","","","","","",""
"","","","","","","","","","","Administrations centrales","-"
"","","","SOCIÉTÉS DE FINAN","CEMENT SPÉCIALI","SÉ","ES :","","","","Etablissements de crédit","196 242"
"PROVISIONS PASSIF (3.7)","","","","","","","","","","",""
"","","","comprenant Crédit du Ma","roc Leasing et Factori","ng.","","","","","",""
"","","(En milliers de DH)","","","","","","","","Institutions non établissements de crédit","-"
"","","","Chacun de ces métiers e","nregistre les charges","et p","roduits, actifs et pas","sifs qui lui sont r","attachés a","près","",""
"Ris","ques légaux et 
 Obligation","s au titre des avantages 
 Engagements de prêts 
 Contrats 
 Autres 
 Valeur comptable","","","","","","","","Grandes entreprises","4 933 848"
"","","","élimination des transacti","ons intragroupe.","","","","","","",""
"","fiscaux 
post","érieurs à l'emploi 
et garanties (Les EPS)  
déficitaires 
provisions 
totale","","","","","","","","",""
"","","","","","","","","","","Clientèle de détail","65 001"
"Solde de clôture au 31.12.2019","278 120","88 983   
 266 902   
 -     
 44 265   
 678 270","","","","","(E","n milliers de","DH)","",""
"","","","","","","","","","","Reçus :","-"
"Dotations","6 828","9 840   
 3 726   
 9 591   
 29 986","","","","","","","","",""
"","","","Compte de Résultat","Banque Maroc et","","Sociétés de finan-","","","","Garanties financières","5 034 504"
"","","","","","","","Eliminations","Total","","",""
"Montants utilisés","5 016","-     
 1 560   
 6 576","juin 2020","Banque Offshore","","cement spécialisés","","","","",""
"","","","","","","","","","","Données :","5 034 504"
"Montants non utilisés repris au cours de la période","381","-     
 8 505   
 1 874   
 10 760","Marge d'intérêts","895 82","7","27 889","-","923","716","Administrations centrales","-"
"","","","Marge sur commissions","208 90","8","-50","-377","208","481","Etablissements de crédit","2 960 524"
"Autres mouvements","","-1 259   
 8 000   
 6 741","","","","","","","","",""
"","","","Produit net bancaire","1 234 44","2","31 108","-66 847","1 198","703","",""
"","","","","","","","","","","Institutions non établissements de crédit","-"
"Solde de clôture au 30.06.2020","279 551","97 564   
 262 123   
 -     
 58 422   
 697 661","","","","","","","","",""
"","","","Charges de fonctionneme","nt
-618 93","2","-10 177","5 641","-623","468","",""
"","","","","","","","","","","Grandes entreprises","2 035 352"
"","","","Résultat d'exploitation","123 25","5","482","-61 206","62","531","",""
"","","","","","","","","","","Clientèle de détail","38 628"
"","","","Résultat net","84 74","0","287","-61 206","23","821","",""
"","","PASSIFS FINANCIERS À LA JUSTE VALEUR PAR RÉSULTAT (3.9)","","","","","","","","",""
"","","","","","","","","","","Reçues :","-"
"","","(En milliers de DH)","Résultat net part groupe","84 74","0","192","-61 206","23","725","",""
"","","","","","","","","","","Administrations centrales","-"
"","","30/06/2020
31/12/2019","","","","","","","","",""
"","","","","Banque Maroc et","","Sociétés de finan-","","","","Etablissements de crédit","2 067 723"
"","","Passifs financiers détenus à des fins de transaction
10 283
9 987","","","","","","","","",""
"","","","Bilan juin 2020","","","","Eliminations","Total","","",""
"","","","","Banque Offshore","","cement spécialisés","","","","",""
"","","Passifs financiers à la juste valeur par résultat sur option
 -     
 -","","","","","","","","Institutions non établissements de crédit","-"
"","","Valeur au bilan
10 283
9 987","Total Bilan","57 765 04","1","1 826 916","-2 018 481","57 573","476","Grandes entreprises","-"
"","","","dont","","-","-","-","","-","Clientèle de détail","-"
"","","","Éléments de l'Actif","55 014 47","1","1 770 420","-1 947 883","54 837","008","",""
"","","","","","","","","","","Dérivés de crédit reçus","-"
"","","","Actifs financiers à la juste","","","","","","","",""
"","","","","1 959 31","8","-","-282 917","1 676","401","Autres engagements","-"
"","","PASSIFS FINANCIERS DÉTENUS À DES FINS DE TRANSACTION (3.9)","valeur par résultat","","","","","","","",""
"","","(En milliers de DH)","","","","","","","","Donnés","-"
"","","","Actifs financiers à la juste","","","","","","","",""
"","","","","3 454 99","4","-","-","3 454","994","",""
"","","","valeur par capitaux propre","s","","","","","","",""
"","","30/06/2020
31/12/2019","","","","","","","","Reçus","-"
"","","Titres vendus à découvert
-
-","Prêts et créances sur les","","","","","","","",""
"","","","","","","","","","","Engagements et garanties financières en défaut",""
"","","","Etablissemts de crédit et","6 042 68","9","20","-1 536 418","4 506","291","",""
"","","Titres donnés en pension livrée
-
-","","","","","","","","",""
"","","","assimilés,au coût amorti","","","","","","","– Engagements de prêt donnés :","-"
"","","Dettes représentées par un titre
-
-","","","","","","","","",""
"","","","Prêts et créances sur la","","","","","","","– Garanties financières données :","-"
"","","","","42 088 54","3","1 767 560","-","43 856","103","",""
"","","Dettes envers la clientèle
-
-","clientèle, au coût amorti","","","","","","","",""
"","","","","","","","","","","– Autres engagements donnés à une autre contrepartie :","-"
"","","Dettes envers les établissements de crédit
-
-","Immobilisations corporell","es
 1 468 92","8","2 840","-128 549","1 343","219","",""
"","","Instruments dérivés
10 283
9 987","Éléments du Passif","46 375 85","7","1 560 386","-1 536 418","46 399","825","",""
"","","Valeur au bilan
10 283
9 987","Dettes envers les Établiss","e-","","","","","","",""
"","","","","2 389 99","3","1 485 111","-1 485 760","2 389","344","",""
"","","","ment de crédit et assimilé","s","","","","","","",""
"","","","Dettes envers la clientèle","43 985 86","4","75 275","-50 658","44 010","481","",""
"","","","Capitaux propres","5 667 30","1","156 559","-414 248","5 409","611","",""
