"","","","","","","","","","","","Titres d'investissement titres de participation et emplois divers","-","-"
"ÉTAT B9 - IMMOBILISATIONS INCORP","ORELLES E","T CORPOR","ELLES A","U 30 JUIN 20","20","","","","","","","",""
"","","","","","","","","","(En","milliers de DH)","Dont certificats de Sukuk","-","-"
"","","","","","Amorti","ssements et/ou p","rovisions","","","","Dont titres de Moudaraba et Moucharaka","-","-"
"","","M","ontant des","","","","","","","","","",""
"","M","ontant des","","","","","","","","","Dépôts d’investissement et Wakala Istithmar placés","-","-"
"","Montant brut","","cessions","Montant brut","Montant des","M","ontant des","","","Montant net","","",""
"","a","cquisitions","","","","Dotation","","A","utres","","","",""
"Nature","au début de","o","u retraits","à la fin de","","","","","","à la fin de","Autres actifs","20","10"
"","","","","am","ortissements","amo","rtissements","","","","","",""
"","a","u cours de","","","a","u titre de","","mouv
Cumul","ements","","","",""
"","l’exercice","a","u cours de","l’exercice
et/o","u provisions au","sur","immobilisa-","","","l’exercice","Total de l'Actif","513 019","403 080"
"","","l’exercice","","","l","’exercice","","","","","","",""
"","","l","’exercice","déb","ut de l’exercice","ti","ons sortie","","","","","",""
"","","","","","","","","","","","","","(En milliers de DH)"
"IMMOBILISATIONS INCORPORELLES","757 578","105 339","48 025","814 891","511 734","24 482","-","536 217","-","278 675","","",""
"","","","","","","","","","","","PASSIF","30/06/2020","31/12/2019"
"- Droit au bail","22 579","-","-","22 579","-","-","-","-","-","22 579","","",""
"","","","","","","","","","","","Banques centrales, Trésor public, Service des chèques postaux","-","-"
"- Immobilisations en recherche et développement","-","-","-","-","-","-","-","-","-","-","","",""
"- Autres immobilisations incorporelles d'exploitation","734 999","105 339","48 025","792 313","511 734","24 482","-","536 217","-","256 096","Dettes envers les établissements de crédit et assimilés","100 266","25 423"
"- Immobilisations incorporelles hors exploitation","-","-","-","-","-","-","-","-","-","-","Dettes sur Mourabaha","-","-"
"IMMOBILISATIONS CORPORELLES","2 259 608","61 194","5 312","2 315 490","1 352 149","41 834","-3 035","1 390 948","-","924 542","","",""
"","","","","","","","","","","","Dettes sur Salam","-","-"
"- Immeubles d'exploitation","995 455","27 769","-","1 023 224","386 744","10 145","-","396 889","-","626 335","","",""
"","","","","","","","","","","","Dettes sur autres financements participatifs","-","-"
". Terrain d'exploitation","249 919","-","-","249 919","-","-","-","-","-","249 919","","",""
"","","","","","","","","","","","Autres dettes sur les établissements de crédit et assimilés","100 266","25 423"
". Immeubles d'exploitation. Bureaux","717 729","27 769","-","745 497","359 070","10 128","-","369 198","-","376 299","","",""
". Immeubles d'exploitation. Logements de fonction","27 808","-","-","27 808","27 673","17","-","27 690","-","118","Dépôts de la clientèle","35 085","32 043"
"- Mobilier et matériel d'exploitation","543 029","23 361","4 486","561 904","475 651","13 048","-3 035","485 664","-","76 240","Comptes à vue créditeurs","29 357","20 238"
". Mobilier de bureau d'exploitation","91 784","2 989","785","93 988","79 948","2 130","-785","81 292","-","12 696","","",""
"","","","","","","","","","","","Autres comptes créditeurs","5 728","11 805"
". Matériel de bureau d'exploitation","17 554","377","1 635","16 296","13 372","311","-185","13 498","-","2 798","","",""
"","","","","","","","","","","","Dettes envers la clientèle sur produits participatifs","13 905","22 502"
". Matériel de bureau Telecom","74 876","2 650","-","77 525","66 575","1 626","-","68 201","-","9 324","","",""
". Matériel Informatique","288 076","15 640","650","303 065","250 283","8 049","-650","257 683","-","45 383","Dettes sur Mourabaha","13 905","22 502"
". Matériel roulant rattaché à l'exploitation","3 870","-","-","3 870","3 869","-","-","3 870","-","-","Dettes sur Salam","-","-"
". Autres matériels d'exploitation","66 869","1 706","1 415","67 159","61 604","931","-1 415","61 120","-","6 039","","",""
"","","","","","","","","","","","Dettes sur autres financements participatifs","-","-"
"- Autres immobilisations corporelles d’exploitation","600 227","9 604","827","609 004","444 006","16 958","-","460 964","-","148 040","","",""
"","","","","","","","","","","","Autres passifs","147 367","103 408"
"- Immobilisations corporelles hors exploitation","120 896","461","-","121 358","45 748","1 683","-","47 431","-","73 927","","",""
"","","","","","","","","","","","Provisions pour risques et charges","1 890","-"
". Terrains hors exploitation","50 067","-","-","50 067","-","-","-","-","-","50 067","","",""
". Immeubles hors exploitation","46 845","-","-","46 845","30 823","852","-","31 675","-","15 170","Dépôts d'investissement et Wakala Istithmar reçus","-","-"
". Mobiliers et matériel hors exploitation","8 789","331","-","9 121","6 424","413","-","6 838","-","2 283","Dotation en capital","230 000","230 000"
". Autres immobilisations corporelles hors exploitation","15 195","130","-","15 325","8 501","418","-","8 918","-","6 407","","",""
"","","","","","","","","","","","Reports","-10 297","-"
"- Écart de conversion","-","-","-","-","-","-","-","-","-","-","","",""
"","","","","","","","","","","","Résultat de l'exercice","-5 197","-10 297"
"Total","3 017 186","166 533","53 338","3 130 381","1 863 883","66 317","-3 035","1 927 165","-","1 203 216","","",""
"","","","","","","","","","","","Total du Passif","513 019","403 080"
