"","","","","","","","","","barème basé sur l’âge du collaborateur.","","Taux d'actualisation","","2,11%","","2,61%","","Brut","ID","","Net",""
"INFORMATIONS RELATIVES AUX PARTI","ES LIÉES","","","","","","","","","","","","","","","","","","","",""
"","","","","","","","","(En milliers de DH)","","","","","","","","Impact Compte de Résultat","","","","",""
"Montants à payer aux parties liées et montants à","","","Principaux dirigeants de","Entités contrôlées par","","","","","","","","","","","","Dotation Provision Engagements Sociaux","-243","","90","","-153"
"S","ociété-mère","Filiales","","","Autres partie","s liées","","Total","","","","","","","","","","","","",""
"en recevoir","","","l'entité ou de sa société-mère","la même société mère","","","","","","","","","","","","","","","","",""
"","","","","","","","","","","","","","","","","Impact Capitaux Propres","","","","",""
"Actifs : prêts et avances","201 160","1 485 377","-","2 313","","-","","1 688 850","","","","","","","","","","","","",""
"","","","","","","","","","","","","","","","","Gains et Pertes actuariels/avantages post emploi","27 825","-10","295","17","529"
"Instruments de capitaux propres","-","-","-","-","","-","","-","","","","","","","","","","","","",""
"Autres créances","-","-","-","-","","-","","-","","","","","","","","","","","","",""
"Total des actifs","201 160","1 485 377","-","2 313","","-","","1 688 850","","","","","","","","","","","","",""
"Passifs : dépôts et emprunts","971 950","51 307","-","-","","-","","1 023 257","","","","","","","","","","","","",""
"Autres passifs financiers","-","-","-","-","","-","","-","","","","","","","","","","","","",""
"","","","","","","","","","EXPOSITION AUX RISQUES ET STRATÉ","GIE DE COUVER","TURE","","","","","","","","","",""
"Titres de dette","-","-","-","-","","-","","-","","","","","","","","","","","","",""
"Passifs subordonnés","-","-","-","-","","-","","-","","","","","","","","","","","","",""
"Paiements fondés sur des actions","-","4 006","-","-","","-","","4 006","","","","","","","","","","","","",""
"Autres passifs","136 116","61 206","-","-","","-","","197 322","LA GOUVERNANCE","","Premiè","re  
Dernier renou-","Echéance du","Mem","bre","","","","","",""
"","","","","","","","","","","Prénom et nom","Fonction","","","","","","","","","",""
"Total des passifs","1 108 066","116 518","-","-","","-","","1 224 584","","","électio","n
vellement","mandat en cours 
d’","un Co","mité","","","","","",""
"","","","","","","","","","Depuis le 24 septembre 1999, le Crédit du Maroc a opté pour","","","","","","","","","","","",""
"Garanties émises par le groupe","207","907 915","-","2 443 942","","-","","3 352 063","","","","","Assemblée générale ordi-","","","","","","","",""
"","","","","","","","","","une structure de gouvernance duale reposant sur un Directoire","","","","","","","","","","","",""
"Garanties reçues par le groupe","144 451","-","-","-","","-","","144 451","","","","","naire annuelle statuant sur","","","","","","","",""
"","","","","","","","","","et un Conseil de Surveillance, dissociant ainsi les pouvoirs de","Ismaïl Fassi-Fihri","Président du Conseil 
11/199","9
03/2019","","","","","","","","",""
"Dépréciations des créances douteuses","-","-","-","-","","-","","-","","","","","les comptes de l’exercice","","","","","","","",""
"","","","","","","","","","gestion  et  de  contrôle.  Le  Directoire  dirige  et  gère  la  Banque","","","","","","","","","","","",""
"","","","","","","","","","","","","","clos le 31 décembre 2021","","","","","","","",""
"","","","","","","","","","sous le contrôle du Conseil de Surveillance dans les limites du","","","","Assemblée générale ordi-","","","","","","","",""
"Charges et produits générés par des transactions","","","Principaux dirigeants de","Entités contrôlées par","","","","","","","","","","","","","","","","",""
"S","ociété-mère","Filiales","","","Autres partie","s liées","","Total","","","","","","","","","","","","",""
"entre parties liées","","","l'entité ou de sa société-mère","la même société mère","","","","","cadre fixé par la loi 17-95 relative aux sociétés anonymes telle","François-Edouard","Vice-Président","","naire annuelle statuant sur","","","","","","","",""
"","","","","","","","","","","","10/201","7
03/2019","","C","","","","","","",""
"Total des charges dont :","8 052","29 271","-","-","","-","","37 323","que modifiée et complétée (la « Loi 17-95 »), la loi 103-12 relative","Drion (2)","du Conseil","","les comptes de l’exercice","","","","","","","",""
"Charges d'intérêts","552","23 698","-","-","","-","","24 250","","","","","clos le 31 décembre 2021","","","","","","","",""
"","","","","","","","","","aux  établissements  de  crédits  et  organismes  assimilées  (la","","","","","","","","","","","",""
"Honoraires et commissions","-","54","-","-","","-","","54","","","","","AGOA statuant sur les","","","","","","","",""
"","","","","","","","","","« Loi Bancaire ») et les statuts de la Banque. Cette organisation","","","","","","","","","","","",""
"Autres charges","7 500","5 519","-","-","","-","","13 019","","Naziha Belkeziz (1)","Membre du Conseil 
11/201","5
03/2019","comptes de l’exercice clos le","R","","","","","","",""
"","","","","","","","","","répond au souhait d’équilibre des pouvoirs entre les fonctions","","","","","","","","","","","",""
"Total des produits dont :","-","2 951","-","-","","-","","2 951","","","","","","","","","","","","",""
"","","","","","","","","","","","","","31 décembre 2021","","","","","","","",""
"Produits d'intérêts","-","-","-","-","","-","","-","de direction et de contrôle.","","","","","","","","","","","",""
"","","","","","","","","","","","","","AGOA statuant sur les","","","","","","","",""
"Honoraires et commissions","-","-","-","-","","-","","-","","","","","","","","","","","","",""
"","","","","","","","","","1. LE CONSEIL DE SURVEILLANCE","Nada Biaz","(1)Membre du Conseil
03/201","9","comptes de l’exercice clos le","C","","","","","","",""
"Autres produits","-","54","-","-","","-","","54","","","","","","","","","","","","",""
"","","","","","","","","","","","","","31 décembre 2021","","","","","","","",""
"Produits de dividendes","-","2 897","-","-","","-","","2 897","Le  Conseil  de  Surveillance  exerce  un  contrôle  permanent","","","","","","","","","","","",""
"","","","","","","","","","","","","","AGOA statuant sur les","","","","","","","",""
"","","","","","","","","","","","Coopté","le","","","","","","","","",""
"","","","","","","","","","de la gestion de la Banque par le Directoire et s’appuie sur","","","","","","","","","","","",""
"","","","","","","","","","","Hervé Varillon","Membre du Conseil","","comptes de l’exercice clos le","R","","","","","","",""
"","","","","","","","","","","","30/04/2","020","","","","","","","","",""
"","","","","","","","","","des Comités spécialisés détaillés ci-après.","","","","31 décembre 2021","","","","","","","",""
"","","","","","","","","","Le  Conseil  de  Surveillance  s’exprime  collégialement  à","","","","AGOA statuant sur les","","","","","","","",""
"","","","DIVIDENDES","","","","","","","","","","","","","","","","","",""
"","","","","","","","","","","Marc Didier","Membre du Conseil
03/201","9","comptes de l’exercice clos le","C","","","","","","",""
"","","","","","","","","","l’extérieur de la Banque par des communiqués de presse","","","","","","","","","","","",""
"","","","Au titre de l’exercice 2019",", le Conseil de Surveilla","nce décide","de pro","poser au","x actionnaires","","","","","","","","","","","","",""
"","","","","","","","","","","","","","31 décembre 2021","","","","","","","",""
"","","","","","","","","","destinés à l’information du marché.","","","","","","","","","","","",""
"","","","un dividende brut par acti","on de 18,70 DH, payable","soit en acti","on, soit","en num","éraire, soit par","","","","","","","","","","","","",""
"","","","","","","","","","","","","","AGOA statuant sur les","","","","","","","",""
"","","","combinaison de ces deux","moyens.","","","","","1.1  Dispositions générales","","","","","","","","","","","",""
"","","","","","","","","","","Habiba Laklalech","(1)Membre du Conseil
03/201","9","comptes de l’exercice clos le","A","","","","","","",""
"","","","","201","9","2018","","2017","Le fonctionnement du Conseil de Surveillance est régi par","","","","31 décembre 2021","","","","","","","",""
"","","","","","","","","","son règlement intérieur. Il en est de même pour les Comités","","","","AGOA statuant sur les","","","","","","","",""
"","","","Dividendes (en dirhams)","","","","","","","","","","","","","","","","","",""
"","","","","","","","","","spécialisés  du  Conseil  de  Surveillance.  Le 
règlement","Olivier Nicolas","Membre du Conseil
02/201","9
03/2019","comptes de l’exercice clos le","A","","","","","","",""
"","","","Dividende par action","","18,70","","8,00","7,00","","","","","","","","","","","","",""
"","","","","","","","","","","","","","31 décembre 2021","","","","","","","",""
"","","","Résultat net par action (en di","rhams)","","","","","intérieur du Conseil de Surveillance a fait l’objet d’une mise","","","","","","","","","","","",""
"","","","","","","","","","","","","","AGOA statuant sur les","","","","","","","",""
"","","","Résultat net part du groupe","par action","46,76","5","4,15","33,58","à jour en 2018.","Gérard Ouvrier-","","","","","","","","","","",""
"","","","","","","","","","","","Membre du Conseil 
09/201","1
03/2019","comptes de l’exercice clos le","A et","R","","","","","",""
"","","","","","","","","","","Buffet (3)","","","","","","","","","","",""
"","","","","","","","","","1.2  Composition du Conseil de Surveillance","","","","","","","","","","","",""
"","","","","","","","","","","","","","31 décembre 2021","","","","","","","",""
"","","","","","","","","","Le Conseil de Surveillance est composé de dix membres.","Crédit Agricole","","","","","","","","","","",""
"","","","","","","","","","","","","","AGOA statuant sur les","","","","","","","",""
"","","","","","","","","","","S.A. représenté par","","","","","","","","","","",""
"","","","","","","","","","(cf. tableau ci-contre).","","","","","","","","","","","",""
"","","","","","","","","","","","Membre du Conseil 
12/200","5
03/2019","comptes de l’exercice clos le","R","","","","","","",""
"","","","","","","","","","","Monsieur Stanislas","","","","","","","","","","",""
"","","","","","","","","","1.3  Fonctionnement du Conseil de Surveillance","","","","31 décembre 2021","","","","","","","",""
"","","","","","","","","","","Ribes","","","","","","","","","","",""
"","","","","","","","","","Le fonctionnement du Conseil de Surveillance est régi par","","","","","","","","","","","",""
"","","","","","","","","","","(A) Comité d’Audit.","","","","","","","","","","",""
