"Le  Crédit  du  Mar","oc,","en  étroit","e  rel","ation  avec  le  Gro","upe","","","","","","","",""
"","","","","","","","","","Exigences","","Exigences","","Exigences"
"","","","","","","","","Actifs","","Actifs","","Actifs",""
"CA.SA, compte pou","rsui","vre la mi","se en","œuvre de l’usage","des","","","","","","","",""
"","","","","","","","","","en fonds","","en fonds","","en fonds"
"","","","","","","","","pondérés","","pondérés","","pondérés",""
"indicateurs  bâlois","ava","ncés,  qui","entr","aîneront  de  profo","nds","","","","propres","","propres","","propres"
"changements dans","la c","onduite d","es a","ctivités.","","","","","","","","",""
"","","","","","","","Risque de crédit","39 644 317","3 171 545","38 567 412","3 085 412","-1 076 666","-86 133"
"Ces changements","vise","nt notam","ment","à :","","","","","","","","",""
"","","","","","","Dont","Souverain","15 987","1 279","12 106","968","-3 881","-310"
"- adapter  la  politi","que","d’allocati","on  d","es  fonds  propres","aux","","","","","","","",""
"activités ;","","","","","","Dont","Établissements","3 945 643","315 651","2 650 649","212 052","-1 294 993","-103 599"
"- mieux  prendre","en","compte","les","évolutions  dans","les","Dont","Entreprises","23 747 963","1 899 837","23 637 134","1 890 971","-110 829","-8 866"
"processus  d’octr","oi  (","consomm","ation","des  Fonds  prop","res,","Dont","Clientèle de détail","9 023 573","721 886","9 005 452","720 436","-18 121","-1 450"
"rentabilité, coût d","u ri","sque, etc.",") ;","","","","","","","","","",""
"","","","","","","","Risque de Marché","244 648","19 572","218 610","17 489","-26 038","-2 083"
"- garantir la fiabilit","é de","s informa","tion","s sur les risques, e","tc.","","","","","","","",""
"","","","","","","","Risque Opérationnel","4 306 326","344 506","4 376 350","350 108","70 024","5 602"
"- Renforcer la cap","acité","d’anticip","ation","des risques.","","","","","","","","",""
"Les processus im","pact","és ont été","ide","ntifiés et les chant","iers","","Total","44 195 291","3 535 623","43 162 610","3 453 009","-1 032 681","-82 614"
"nécessaires  à  leu","r  ad","aptation","sero","nt  engagés  selon","un","","","","","","","",""
