"publications financières et sur les risques.","","","","","","","",""
"Dès la publication des textes par le Régulateur, le Crédit du","Évolution Ratio de solvabi","lité","","","","","",""
"","","(en milli","ers de dirhams)","","","","",""
"Maroc a engagé un chantier de mise en conformité avec les","","","","","","","",""
"dispositions réglementaires.","","30/06/2020","31/12/2019","","","","",""
"Pour le pilier 1, le Crédit du Maroc a opté pour la méthode","Fonds propres de catégorie 1","5 063 659","5 080 932","","","","",""
"«  standard  »  en  ce  qui  concerne  le  risque  de  crédit,  la","","","","","","","",""
"","Total fonds propres","6 402 477","6 510 808","","","","",""
"« Méthode de base » pour le risque opérationnel.","","","","","","","4,3","4,4"
"","Risques pondérés","43 162 610","44 195 291","","","","",""
"La banque a engagé un large chantier pour lui permettre","","","","","0,2","0,2","",""
"","Ratio  sur 
fonds  propres  de","base","","","","","",""
"de  produire  dans  les  délais  impartis  par  le  Régulateur,  le","","11,73%","11,50%","","","","",""
"","(T1)","","","Risque de","Risq","ue de","Ris","que"
"ratio de solvabilité aux nouvelles normes. Pour cela, elle a","","","","","","","",""
"","Ratio de solvabilité","14,83%","14,73%","Crédit","Mar","ché","Opéra","tionnel"
"acquis, un calculateur « Fermat » qui assure la production","","","","","","","",""
"depuis  fin  2007,  et  qui  a  été  remplacé  par  l’outil  «  Risk","","","","","","","",""
