"TABLEAU DE VARIATION DES CAPITAUX P","ROPRES AU 30","JUIN 2020","","","","","","","PRINCIPES ET PÉRIMÈTRE DE CONSOLIDATION",""
"","","","","","","","","(En milliers de DH)","",""
"","","","","Gains et pertes","Gains et pertes","","","","",""
"","","Réserves","Réser","ves 
comptabilisés","comptabilisés","","Capitaux","","",""
"","","","Actions","","","","","Intérêts","Crédit  du  Maroc  contrôle  une  entité  émettrice  si  et","soit  l’activité  et  qu’elles  aient  ou  non  la  personnalité"
"","","","","","","","","","Préambule",""
"","Capital","liées au","et résul","tats 
directement en","directement en","p","ropres part","Total","",""
"","","","propres","","","","","minoritaires","",""
"","","capital","consoli","dés 
capitaux propres","capitaux propres no","n","Groupe","","seulement si ces trois éléments sont réunis.","morale :"
"","","","","","","","","","Le  Groupe  Crédit  du  Maroc  est  consolidé  en  normes",""
"","","","","recyclables","recyclables","","","","",""
"","","","","","","","","","L
’IFRS 11 porte sur le classement d’un partenariat sur 
IAS/  IFRS  depuis  2004,  en  tant  que  filiale,  dans  les","• l’intégration  globale,  applicable  selon  les  conditions"
"Capitaux propres clôture au 31 Décembre 2018","1 088 121","2 619 265","-     
 1 389","434   
 30 700","","-","5 127 520","47 438   
 5 174 958","",""
"","","","","","","","","","lequel deux parties ou plus exercent un contrôle conjoint. 
comptes du Crédit Agricole S.A.","citées par la norme IFRS 10 ;"
"Opérations sur capital","-","-","-","-     
 -","","-","-","-     
 -","",""
"","","","","","","","","","Selon IFRS 11, il existe deux types de partenariat : les",""
"Paiements fondés sur des actions","-","-","-","-     
 -","","-","-","-     
 -","En 2008 le Crédit du Maroc a procédé à une convergence","• la mise en équivalence, pour les coentreprises ayant"
"","","","","","","","","","entreprises communes et les coentreprises. Ces deux",""
"Opérations sur actions propres","-","-","-","-     
 -","","-","-","-     
 -","des  paramètres  et  des  options  de  consolidation  entre","des  droits  sur  l’actif  net,  tel  que  cité  par  la  norme"
"","","","","","","","","","types  de  partenariats  se  distinguent  par  les  droits  et",""
"Dividendes","-","-","-     
-87","050   
 -","","-","-87 050","-     
-87 050","les  comptes  consolidés  en  normes  IAS/IFRS  publiés","IFRS 11 ;"
"","","","","","","","","","obligations des parties à l’entreprise.",""
"Autres","-","","-","-     
 -","","-","-","-     
 -","au  31  décembre  2008  en  application  des  dispositions",""
"","","","","","","","","","","• la quote-part des actifs, passifs, charges et produits,"
"","","","","","","","","","• Entreprise  commune 
: 
les  coparticipants  ont  des",""
"","","","","","","","","","réglementaires  de  Bank  Al  Maghrib 
(BAM)  et 
les",""
"Changements de méthodes comptables","-","-","-","-     
 -","","-","-","-     
 -","","pour les entreprises communes ayant des droits sur"
"","","","","","","","","","droits  sur  les  actifs,  et  des  obligations  au  titre  des",""
"","","","","","","","","","comptes  adressés  au  Crédit  Agricole  SA  pour 
les",""
"Résultat de l'exercice","-","-","-     
 508","808   
 -","","-","508 808","3 374   
 512 181","","les actifs et des obligations au titre des passifs, selon"
"","","","","","","","","","passifs. Chaque coparticipant comptabilise ses actifs,",""
"","","","","","","","","","besoins de sa consolidation.",""
"Immobilisations corporelles et incorporelles :","","","","","","","","","","la norme IFRS 11."
"","-","-","-","-     
 -","","-","-","-     
 -","ses passifs, ses produits et ses charges y compris sa",""
"Réevaluations et cessions","","","","","","","","","",""
"","","","","","","","","","Le Crédit du Maroc a ainsi procédé à l’alignement des",""
"Instruments financiers : variations de juste valeur et","","","","","","","","","quote-part de ces actifs, passifs, produits et charges,","Retraitements et éliminations"
"","-","-","-","-     
 22 417","","-","22 417","-     
 22 417","",""
"transferts en résultat","","","","","","","","","paramètres  et  options  retenus  pour  le  traitement  des",""
"","","","","","","","","","relatifs à ses intérêts dans l’entreprise commune.",""
"","","","","","","","","","","Les  retraitements  nécessaires  à  l’harmonisation  des"
"Ecarts actuariels sur les régimes à prestations définie","s 
 -","-","-","-     
 118","","-","118","-     
 118","comptes  adressés  au  groupe  Crédit  Agricole  SA  avec",""
"","","","","","","","","","• Coentreprise 
: 
les  coentrepreneurs  ont  des  droits","méthodes  d’évaluation  des  sociétés  consolidées  sont"
"Ecarts de conversion : variations et transferts en résu","ltat 
 -","-","-     
-54","789   
 -","","-","-54 789","-     
-54 789","ceux adoptés au moment de l’application du référentiel",""
"","","","","","","","","","sur 
l’actif  net  de  celle-ci.  Cette  coentreprise  est","effectués, sauf s’ils sont jugés non significatifs."
"Gains ou pertes latents ou différés","-","-","-     
-54","789   
 22 535","","-","-32 255","-     
-32 255","IFRS,  conformément  aux  dispositions  réglementaires",""
"","","","","","","","","","comptabilisée  selon 
la  méthode  de 
la  mise  en",""
"Autres","-","-","-","-     
 -","","-","-","-     
 -","de BAM.","L
’effet sur le bilan et le compte de résultat consolidés"
"","","","","","","","","","équivalence.",""
"Variations de périmètre","-","-","-","-     
 -","","-","-","-     
 -","","des opérations internes au Groupe est éliminé."
"","","","","","","","","","Périmètre de consolidation",""
"Capitaux propres clôture au 31 Décembre 2019","1 088 121","2 619 265","-     
 1 756","403   
 53 235","","-","5 517 024","50 811   
 5 567 835","",""
"","","","","","","","","","Les méthodes de consolidation","Les plus ou moins-values provenant de cessions d’actifs"
"","","","","","","","","","Les  états  financiers  consolidés  incluent  les  comptes",""
"Opérations sur capital","-","-","-","-     
 -","","-","-","-     
 -","",""
"","","","","","","","","","Les 
méthodes 
de 
consolidation 
sont 
fixées","entre 
les  entreprises  consolidées  sont  éliminées 
;"
"","","","","","","","","","de Crédit du Maroc et ceux de toutes les sociétés sur",""
"Paiements fondés sur des actions","-","-","-","-     
 -","","-","-","-     
 -","",""
"","","","","","","","","","respectivement  par  les  normes  IFRS  10  et  11.  Elles","les  éventuelles  dépréciations  durables  mesurées  à"
"","","","","","","","","","lesquelles  Crédit  du  Maroc  dispose  d’un  pouvoir  de",""
"Opérations sur actions propres","-","-","-","-     
 -","","-","-","-     
 -","",""
"","","","","","","","","","résultent  de  la  nature  de  contrôle  exercée  par  Crédit","l’occasion d’une cession interne, sont constatées."
"","","","","","","","","","contrôle.",""
"Dividendes","-","-","-     
-203","479   
 -","","-","-203 479","-     
-203 479","",""
"","","","","","","","","","du  Maroc  sur  les  entités  consolidables,  quelle  qu’en",""
"Autres","-","","-","-     
 -","","-","-","-     
 -","Par 
exception, 
les 
entités 
ayant 
un 
impact 
non",""
"Changements de méthodes comptables","-","-","-","-     
 -","","-","-","-     
 -","significatif sur les comptes consolidés de l’ensemble ne",""
"Résultat de l'exercice","-","-","-     
 23","725   
 -","","-","23 725","96   
 23 821","sont pas incluses dans le périmètre de consolidation.",""
"Immobilisations corporelles et incorporelles :","","","","","","","","","Regroupements d’entreprises – écarts d’acquisition (IFR
Le caractère significatif de cet impact peut notamment","S 3)"
"","-","-","-","-     
 -","","-","-","-     
 -","",""
"Réevaluations et cessions","","","","","","","","","",""
"","","","","","","","","","être  apprécié  au  travers  de  divers  critères  tels  que",""
"","","","","","","","","","Le Groupe Crédit du Maroc n’a pas effectué de regroupem","ent courant  2020."
"Instruments financiers : variations de juste valeur et","","","","","","","","","",""
"","-","-","-","-     
 19 872","","-","19 872","-     
 19 872","l’importance  du  résultat  ou  des  capitaux  propres  de",""
"transferts en résultat","","","","","","","","","",""
"Ecarts actuariels sur les régimes à prestations définie","s 
 -","-","-","-     
 793","","-","793","-     
 793","la société à consolider par rapport au résultat ou aux",""
"","","","","","","","","","Périmètre de consolidation du Groupe Crédit du Maroc au 30","juin 2020"
"Ecarts de conversion : variations et transferts en résu","ltat 
 -","-","-","768   
 -","","-","768","-     
 768","capitaux propres de l’ensemble consolidé.",""
"","","","","","","","","","Capital social 
Capital so","%
cial 
Méthode de"
"Gains ou pertes latents ou différés","-","-","-","768   
 20 665","","-","21 434","-     
 21 434","",""
"","","","","","","","","","Sociétés Consolidées
Les notions de contrôle",""
"","","","","","","","","","(KDH)
(KUSD",")
consolidation (*)
de contrôle
d’intérêts"
"Autres","-","-","-","-     
 -","","-","-","-     
 -","",""
"","","","","","","","","","Conformément 
aux 
normes 
internationales, 
la",""
"Variations de périmètre","-","-","-","-     
 -","","-","-","-     
 -","Crédit du Maroc
1 088 121","100,00   
           100,00   
E.C"
"","","","","","","","","","définition de contrôle, selon IFRS 10 comporte les trois",""
"Capitaux propres clôture au 30 Juin 2020","1 088 121","2 619 265","-     
 1 577","418   
 73 900","","-","5 358 704","50 907   
 5 409 611","Crédit du Maroc Capital
      10 000","100,00   
           100,00   
I.G"
"","","","","","","","","","éléments suivants :",""
"","","","","","","","","","Crédit du Maroc Leasing & Factoring
    124 000","66,66   
             66,66   
I.G"
"","","","","","","","","","• Le pouvoir détenu sur l’entité émettrice ;",""
"","","","","","","","","","Crédit du Maroc Patrimoine
        1 000","100,00   
           100,00   
I.G"
"","","","","","","","","","• L’exposition ou le droit à des rendements variables, en",""
"","","","","","","","","","Crédit du Maroc Assurances
           200","100,00   
           100,00   
I.G"
"","","","","","","","","","raison des liens avec l’entité émettrice ;",""
"","","","","","","","","","Crédit du Maroc Offshore
 
     1 65","5   
           100,00   
           100,00   
I.G"
"","","","","","","","","","• La capacité de Crédit du Maroc d’exercer son pouvoir",""
"","","","","","","","","","S.I.F.I.M
168 321","100,00   
           100,00   
I.G"
"","","","","","","","","","sur 
l’entité  émettrice  de  manière  à 
influer  sur 
le",""
"","","","","","","","","","montant des rendements qu’il obtient.
* E.C : Établissement consolidant - IG : Intégration globale",""
