"ÉTATS FINANCIERS CONSOLIDÉS IFRS","","","NORMES ET PRINCIPE","S COMPTABLES APPLIQ","UÉS PAR LE GROUPE"
"RÉSULTAT NET ET GAINS ET PERTES COMPTABILISÉS DIRECTEMENT EN CAPITAUX PROPRES AU 30 JUIN 2020","","","","","L
’approche  adoptée  pour  mener  ces  travaux  s’est  basée"
"","","","CONTEXTE","IMPACTS DES DÉPRÉCIATIONS SELON",""
"","","","","","sur  des  analyses  sectorielles  menées,  sur  le  terrain,  par"
"","","","","IFRS9",""
"","","(En milliers de DH)","","",""
"","","","Le  premier  semestre  est  marqué  par 
l’émergence  et","","les gestionnaires de portefeuille en collaboration avec les"
"Résultat net et gains et pertes comptabilisés directement en capitaux propres","30/06/2020","31/12/2019","","",""
"","","","l’expansion 
de 
l’épidémie  Covid-19.  En 
conséquence","","équipes risque."
"Résultat net","23 821","512 181","","Conformément  à 
IFRS  9, 
le  groupe  Crédit  du  Maroc",""
"","","","le  Maroc  a  édicté  des  mesures  d’atténuation  de 
la","comptabilise  une  correction  de  valeur  au  titre  des  pertes",""
"Éléments recyclables en résultat net :","20 640","22 628","","",""
"","","","","","Pour les entreprises, des chocs ont été appliqués sur les"
"Écarts de conversion","768","211","propagation. Ces mesures ont induit une baisse de l’activité","de  crédit  attendues  («Expected  Credit  Losses»  ou  «ECL»)",""
"","","","","","secteurs 
identifiés  comme 
fortement  et  moyennement"
"Réévaluation des actifs financiers à la juste valeur par capitaux propres recyclables","31 543","35 582","économique qui a provoqué des difficultés financières pour","sur les crédits et les Instruments de dette au coût amorti",""
"","","","","","impactés  afin  d’anticiper,  conformément  à 
l’approche"
"Réévaluation des instruments dérivés de couverture  d’éléments recyclables","-","-","les entreprises de certains secteurs ainsi que des baisses","ou à la juste valeur par capitaux propres recyclables.",""
"","","","","","« forward looking » de la norme IFRS 9, la dégradation du"
"Quote-part des gains et pertes comptabilisés directement en capitaux propres des entreprises mises en équivalence","-","-","de  revenus  pour  les  ménages  exposés.  Le  Maroc  a,  par","",""
"","","","","","risque de crédit de certaines contreparties en lien avec les"
"","","","","Le groupe s’appuie sur le dispositif de notation interne et",""
"Autres éléments comptabilisés par capitaux propres et recyclables","-","-","ailleurs,  mis  en  place  des  mesures  exceptionnelles  pour","",""
"","","","","","conséquences économiques de l’épidémie du Covid19."
"","","","","les processus Bâlois pour générer les paramètres IFRS 9",""
"Impôts liés","11 671","13 166","accompagner les entreprises et les ménages et préserver","",""
"","","","","nécessaires au calcul des ECL. L’appréciation de l’évolution",""
"Éléments non recyclables en résultat net :","793","118","les capacités de production et de travail dans la perspective","","Pour 
les 
particuliers 
l’approche 
adoptée 
consiste 
à"
"Réévaluation des immobilisations","-","-","","du risque de crédit s’appuie sur un modèle d’anticipation",""
"","","","d’une reprise économique à court terme.","","identifier  les  zones  de  risques  liée  au  contexte  actuel  et"
"Réévaluation (ou écarts actuariels) au titre des régimes à prestations définies","1 259","187","","des  pertes  et  extrapolation  sur 
la  base  de  scénarios",""
"","","","","","appliquer  également  des  chocs  sur  les  paramètres  de"
"","","","La  situation  consolidée  du  premier  semestre  2020  tient","raisonnables. 
Toutes 
les 
informations 
disponibles,",""
"Réévaluation du risque de crédit propre des passifs financiers ayant fait l‘objet d’une option de comptabilisation à la juste valeur par résultat","-","-","","",""
"","","","","","calcul des provisions en adéquation avec les normes IFRS9."
"Réévaluation des instruments de capitaux propres comptabilisés à la juste valeur par capitaux propres","-","-","compte des impacts de la participation du Crédit du Maroc","pertinentes,  raisonnables  et 
justifiables,  y  compris 
les",""
"Quote-part des gains et pertes comptabilisés directement en capitaux propres sur entreprises mises en équivalence non recyclables","-","-","au  fonds  de  solidarité  Covid-19  dont  le  montant  s’élève","informations de nature prospective, doivent être retenues.","L
’estimation 
de 
l’impact 
tient 
compte 
des 
éléments"
"Autres éléments comptabilisés par capitaux propres non recyclables","-","-","à  85  MDH,  ainsi  que  des  dépréciations  pour  risque  de","","d’information 
disponibles 
à  fin 
juin 
2020.  Elle 
sera"
"","","","","Dans  le  cadre  des  arrêtés  des  comptes  au  30  juin  2020,",""
"Impôts liés","466","69","contrepartie sur les acteurs économiques exposés.","","actualisée  en  fonction  de  l’évolution  de  l’environnement"
"","","","","le Crédit du Maroc a entrepris des travaux pour identifier",""
"Total des gains et pertes comptabilisés directement en capitaux propres","21 434","22 745","","","économique et des informations additionnelles qui seraient"
"","","","","les risques potentiels sur son portefeuille ainsi que leurs",""
"Résultat net et gains et pertes comptabilisés directement en capitaux propres","45 255","534 926","","","disponibles pour les prochains arrêtés."
"","","","","impacts.",""
"Dont part du Groupe (ou des propriétaires de la société mère)","45 159","531 553","","",""
"Dont part des intérêts minoritaires (ou participations ne donnant pas le contrôle)","96","3 374","","",""
