"","","","","","","ASSIMILÉS AU COÛT AMORTI (3.2)","","","","","",""
"","","","","","","","","","PAR CAPITAUX PROPRES RECYCLABL","ES (3.3)","",""
"","","","","","","","(E","n milliers de DH)","","","",""
"","","","","","","","","","","","(En","milliers de DH)"
"","","","","","","","30/06/2020","31/12/2019","","","",""
"","","","","","","","","","","Valeur au","Gains","Pertes"
"","","","","","","","","","30/06/2020","","",""
"","","","","","","Etablissements de crédit","-","","","bilan","latents","latentes"
"","","","","","","Comptes et prêts","2 288 542","4 158 531","Effets publics et valeurs assimilées","2 541 873","84 333","-"
"","","","","","","","","","Obligations et autres titres à revenu fixe","913 121","2 709","-"
"","","","","","","dont comptes ordinaires débiteurs non douteux (1)","2 288 542","3 788 508","","","",""
"","","","","","","","","","Total des titres de dettes","3 454 994","87 041","-"
"","","","","","","dont comptes et prêts au jour le jour non douteux (1)","-","370 023","","","",""
"","","","","","","","","","Prêts et créances sur les établissements de crédit","-","-","-"
"PRODUITS ET CHARGES DE COMMISSIONS (2.3)","","","","","","Valeurs reçues en pension","2 209 656","756 952","","","",""
"","","","","","","","","","Prêts et créances sur la clientèle","-","-","-"
"","","","","","(En milliers de DH)","Titres reçus en pension livrée","-","-","","","",""
"","","","","","","","","","Total des prêts et créances","-","-","-"
"","","","","","","Prêts subordonnés","-","-","","","",""
"30/06/2020","","","","30/06/2019","","","","","Total Instruments de dettes comptabilisés  à la juste","","",""
"","","","","","","Autres prêts et créances","17 442","159 350","","3 454 994","87 041","-"
"","","","","","","","","","valeur par capitaux propres recyclables","","",""
"Produits  
  Charges","","Net","Produits","Charges","Net","","","","","","",""
"","","","","","","Valeur brute","4 515 640","5 074 833","Impôts","-","-32 205","-"
"Sur opérations avec les établissements de crédit
 -","-","-","-","-","-","","","","","","",""
"","","","","","","Dépréciations","-9 349","-5 935","Gains et pertes comptabilisés directement en capitaux","","",""
"Sur opérations internes
 -","-","-","-","-","-","Valeur nette des prêts et créances auprès des établissements","","","propres sur instruments de dettes comptabilisés à la juste","-","54 836","-"
"","","","","","","","4 506 291","5 068 897","","","",""
"","","","","","","de crédit","","","valeur par capitaux propres recyclables (nets d'impôts)","","",""
"Sur opérations avec la clientèle
 31 761","-","31 761","33 303","-","33 303","","","","","","",""
"","","","","","","Opérations internes au Crédit du Maroc","-","","","","",""
"Sur opérations sur titres
 51","-","51","1","-","1","","","","","","",""
"","","","","","","","","","","Valeur au","Gains","Pertes"
"","","","","","","Comptes ordinaires","-","-","31/12/2019","","",""
"Sur opérations de change
 2 006   
 1 0","31","975","2 941","3 098","-157","","","","","bilan","latents","latentes"
"","","","","","","Comptes et avances à terme","-","-","","","",""
"","","","","","","","","","Effets publics et valeurs assimilées","2 769 051","55 399","-"
"Sur opérations sur instruments dérivés et autres opérations de hors bilan
 -","-","-","-","-","-","","","","","","",""
"","","","","","","Prêts subordonnés","-","-","","","",""
"","","","","","","","","","Obligations et autres titres à revenu fixe","960 652","99","-"
"Sur moyens de paiement et autres prestations de services bancaires et financiers
 171 834   
 10 5","30","161 304","190 691","12 723","177 968","Total prêts et créances internes au Crédit du Maroc","-","-","","","",""
"","","","","","","","","","Total des titres de dettes","3 729 703","55 499","-"
"Gestion d'OPCVM, fiducie et activités analogues
 14 783   
 3","93","14 391","13 204","857","12 347","Valeur au bilan","4 506 291","5 068 897","","","",""
"","","","","","","","","","Prêts et créances sur les établissements de crédit","-","-","-"
"Produits nets des commissions
 220 435   
 11 9","54","208 481","240 140","16 679","223 461","","","","Prêts et créances sur la clientèle","-","-","-"
"","","","","","","","","","Total des prêts et créances","-","-","-"
"","","","","","","PRÊTS ET CRÉANCES SUR LA CLIENTÈLE A","U COÛT AMORT","I (3.2)","","","",""
"","","","","","","","(E","n milliers de DH)","Total Instruments de dettes comptabilisés  à la juste","","",""
"","","","","","","","","","","3 729 703","55 499","-"
"GAINS OU P","ERTES","NETS SUR IN","STRUMENT","S FINANCIER","S À LA","","","","valeur par capitaux propres recyclables","","",""
"","","","","","","","30/06/2020","31/12/2019","","","",""
"","","","","","","","","","Impôts","-","-20 534","-"
"JUSTE VAL","EUR PA","R CAPITAUX","PROPRES (2",".6)","","","","","","","",""
"","","","","","","Opérations avec la clientèle","","","Gains et pertes comptabilisés directement en capitaux","","",""
"","","","","","(En milliers de DH)","","","","","","",""
"","","","","","","Créances commerciales","8 736 440","8 302 378","propres sur instruments de dettes comptabilisés à la juste","-","34 964","-"
"","","","","30/06/2020","30/06/2019","","","","valeur par capitaux propres recyclables (nets d'impôts)","","",""
"","","","","","","Autres concours à la clientèle","32 115 822","32 389 360","","","",""
"Gains ou pertes","nets sur i","nstruments de dette","s comptabilisés e","n","","","","","","","",""
"","","","","-","1 682","Valeurs reçues en pension","1 977 517","2 497 298","","","",""
"capitaux propre","s recyclab","les","","","","","","","","","",""
"","","","","","","","","","AUTRES ACTIFS FINANCIERS À LA JUST","E VALEUR","PAR RÉSUL","TAT (3.5)"
"","","","","","","Titres reçus en pension livrée","-","-","","","",""
"Rémunération d","es instru","ments de capitaux pr","opres comptabili","sés","","","","","","","(En","milliers de DH)"
"","","","","-","-","Prêts subordonnés","-","-","","","",""
"en capitaux pro","pres non r","ecyclables (dividende","s)","","","","","","","","",""
"","","","","","","","","","","30","/06/2020
3","1/12/2019"
"","","","","","","Créances nées d’opérations d’assurance directe","-","-","","","",""
"Dont dividendes","sur instr","uments décomptabili","sés au cours de l","a","","","","","","","",""
"","","","","-","-","","","","Actions et autres titres à revenu variable","","295 171","271 736"
"période","","","","","","Créances nées d’opérations de réassurance","-","-","","","",""
"","","","","","","","","","Titres de participation non consolidés","","53 868","54 087"
"Gains ou pertes","nets sur","instruments financie","rs à la juste vale","ur","","Avances en comptes courants d'associés","-","-","","","",""
"","","","","-","1 682","","","","Total Instruments de capitaux propres à la juste valeur par r","ésultat","349 039","325 823"
"par capitaux pr","opres","","","","","Comptes ordinaires débiteurs","3 066 658","2 730 183","","","",""
"","","","","","","Valeur brute","45 896 437","45 919 219","","","",""
"","","","","","","","","","AUTRES ACTIFS FINANCIERS À LA JUST","E VALEUR","PAR RÉSUL","TAT (3.5)"
"","","","","","","Dépréciations","-3 665 644","-3 377 025","","","",""
"","","","","","","","","","","","(En","milliers de DH)"
"","","","","","","Valeur nette des prêts et créances auprès de la clientèle","42 230 793","42 542 194","","","",""
"ACTIFS FIN","ANCIE","RS AU COÛT A","MORTI (3.2",")","","","","","","","",""
"","","","","","","","","","","30","/06/2020
3","1/12/2019"
"","","","","","(En milliers de DH)","Opérations de location-financement","-","","","","",""
"","","","","","","","","","Actifs financiers détenus à des fins de transaction","","1 327 363","1 219 938"
"","","","","","","Location-financement immobilier","710 938","669 223","","","",""
"","","","","30/06/2020","31/12/2019","","","","","","",""
"","","","","","","","","","Autres actifs financiers à la juste valeur par résultat","","349 039","325 823"
"","","","","","","Location-financement mobilier, location simple et opérations","","","","","",""
"Prêts et créance","s sur les","établissements de cr","édit","4 506 291","5 068 897","","881 580","1 062 048","Instruments de capitaux propres","","304 336","281 120"
"","","","","","","assimilées","","","","","",""
"Prêts et créance","s sur la c","lientèle","","43 856 103","44 199 048","Valeur brute","1 592 518","1 731 271","Instruments de dettes ne remplissant pas les critères SPP","I","44 703","44 703"
"","","","","","","","","","Actifs représentatifs de contrats en unités de compte","","-","-"
"Titres de dettes","","","","14 948","20 433","Dépréciations","32 792","-74 418","","","",""
"","","","","","","","","","Actifs financiers à la juste valeur par résultat sur option","","-","-"
"Valeur au bilan","","","","48 377 343","49 288 378","Valeur nette des opérations de location-financement","1 625 310","1 656 854","","","",""
"","","","","","","","","","Valeur au bilan","","1 676 401","1 545 760"
"","","","","","","Valeur au bilan","43 856 103","44 199 048","","","",""
"","","","","","","","","","Dont Titres prêtés","","-","-"
