"","","Gains ou pertes nets sur actifs financiers disponibles à la","vente","-","-"
"","","Gains ou pertes nets résultant de la décomptabilisation","d'actifs","",""
"","","","","-","-"
"","","financiers au coût amorti","","",""
"","","Gains ou pertes nets résultant du reclassement d'actifs","","",""
"","","financiers au coût amorti en actifs financiers à la juste v","aleur","-","-"
"À propos du Crédit du Maroc","Liste des communiqués de presse publiés au 30 JUIN 2020 :","par résultat","","",""
"","","Gains ou pertes nets résultant du reclassement d'actifs","","",""
"Filiale du Groupe Crédit Agricole France, Crédit du Maroc est une banque universelle et généraliste","- Le Crédit du Maroc pose la première pierre de son nouveau siège social « Les Arènes ».","","","",""
"","","financiers à la juste valeur par capitaux propres en actif","s","-","-"
"qui s’adresse à tous les segments de clients : particuliers, professionnels, agriculteurs et entreprises.","","","","",""
"","- La BERD et Crédit du Maroc boostent l’économie verte et les chaines des valeurs au Maroc","financiers à la juste valeur par résultat","","",""
"Sa politique de croissance, son réseau commercial étoffé à travers tout le Royaume du Maroc (340","","","","",""
"","- « Crédit du Maroc, 90 ans d’histoire » une exposition évènement pour célébrer l’ancrage d’une banque","Produits des autres activités","","5 221","3 895"
"points de vente) et la mobilisation de sa force vive (environ 2500 collaborateurs) s’appuient sur un grand","","","","",""
"","dans l’histoire du Maroc","","","",""
"pouvoir d’innovation orienté vers la satisfaction de ses clients. L’affiliation au Groupe Crédit Agricole","","Charges des autres activités","","45 541","46 360"
"France confère au Crédit du Maroc un atout commercial majeur de par son ouverture à l’international et","- Crédit du Maroc publie ses résultats financiers au 31 décembre 2019","","","",""
"","","PRODUIT NET BANCAIRE","1","198 703   
 1","195 653"
"son approche globale, riche d’expertises éprouvées.","- Le Groupe Crédit du Maroc se mobilise et consacre 85 millions de dirhams au Fonds spécial pour la","","","",""
"","","Charges générales d'exploitation","","623 468","534 299"
"Crédit du Maroc propose des offres sur mesure qui répondent à tous les besoins des clients, des","","","","",""
"","gestion de la pandémie du coronavirus","","","",""
"","","Dotations aux amortissements et aux dépréciations des","","",""
"services bancaires au quotidien jusqu’à la banque de financement et d’investissement en passant par","","","","74 823","66 937"
"","- Karim Diouri est nommé membre du directoire du Crédit du Maroc","immobilisations incorporelles et corporelles","","",""
"les financements, l’épargne, la bancassurance, la gestion d’actifs, le leasing et le factoring ou encore la","","","","",""
"","- Résultats consolidés du 1er trimestre","Résultat Brut d'Exploitation","","500 413","594 417"
"banque privée et la fenêtre participative ‘Arreda’.","","","","",""
"Pour plus d’information : www.creditdumaroc.ma","- Crédit du Maroc s’inscrit pleinement dans l’orientation de Bank Al-Maghrib relative à la distribution des","","","",""
"","","Coût du risque","2.1","-437 882   
-","143 473"
"","dividendes de l’exercice 2019","","","",""
"","","Résultat d'Exploitation","","62 531","450 944"
"À propos du groupe Crédit Agricole (France)","- L’Université du Crédit du Maroc se mobilise pour soutenir les collaborateurs de la banque.","","","",""
"","","Quote-Part du résultat net des entreprises associées et","des","",""
"","","","","-","-"
"Le groupe Crédit Agricole est le premier financeur de l’économie française et l’un des tout premiers","","coentreprises mises en équivalence","","",""
