"de  Surveillance  approuve  les  limites  globales  de  risque","","","","","","les  remontées  des  dysfonctionnements,  proposer,  pour"
"et  met  en  place  un  processus  spécifique  organisant","","","","","","décision,  les  solutions  à  mettre  en  place  et  suivre  leur"
"","","","Première","Dernier renou-","Echéance du",""
"","Prénom et nom","Fonction","","","",""
"son information et, le cas échéant, sa saisine en cas de","","","élection","vellement","mandat en cours","bonne prise en charge."
"dépassement ;","","","","","","Il  a  également  pour  mission  d’analyser  la  performance"
"","","","Conseil de","Conseil de","Assemblée générale ordinaire",""
"","P","résident du","","","",""
"– est 
informé  régulièrement  des  dispositifs  de  maîtrise","Bernard MUSELET","","Surveillance","Surveillance","annuelle  statuant sur les comptes de","tournée « client » des principaux processus clés et proposer"
"","D","irectoire","","","",""
"des  risques  visant  au  respect  des  dispositions  légales","","","du 26/07/2019","du 27/03/2020","l’exercice clos le 31 décembre 2023","des actions d’amélioration avec des priorisations."
"et  réglementaires  en  ce  compris  les  risques  de  non-","M","embre du Directoi","re 
Conseil de","","Assemblée générale ordinaire","1.2.  Comité Crédits"
"conformité,  des  règles  déontologiques  ainsi  que  des","Karim DIOURI
e","n charge du Pôle","Surveillance","-","annuelle  statuant sur les comptes de",""
"","","","","","","Le Comité des crédits présente, pour décision, les dossiers"
"pratiques de sécurité ;","D","éveloppement","du 27/03/2020","","l’exercice clos le 31 décembre 2023",""
"","","","","","","crédits  non  délégués  pour  les  clientèles  de  la  Banque  et"
"– approuve  le  plan  de  continuité  de  l’activité  établi  par","M","embre du Directoi","re 
Conseil de","Conseil de","Assemblée générale ordinaire","décide  des  propositions  de  financement  entrant  dans  le"
"le  Directoire  ainsi  que  les  éléments  nécessaires  audit","Stéphane CLÉRISSE
e","n charge du Pôle","Surveillance","Surveillance","annuelle  statuant sur les comptes de",""
"","","","","","","champ de la délégation du Comité des crédits."
"plan 
communiqués 
aux 
entités 
opérationnelles 
et","F","onctionnement","du 26/07/2019","du 27/03/2020","l’exercice clos le 31 décembre 2023",""
"","","","","","","1.3.  Comité Anticipation et Suivi des risques (ASR) Grande"
"administratives et à la fonction de gestion et contrôle des","","","","","",""
"","","","","","","Entreprise & Déclassement"
